id,input_text,target_summary
1,9월 19일 인천 출발 아오모리 와이너리 호텔 2명 견적 부탁드려요 항공 포함해서요,고객님 9월 19일 아오모리 와이너리 호텔 4박 5일 항공 포함 견적은 1인 168만 8천원입니다
2,혹시 10월 9일 다낭 가는데 비 오면 라운딩 취소되나요? 환불 규정이 궁금해요,고객님 동남아 지역은 비가 와도 라운딩이 취소되지 않으며 임의 취소 시 환불은 불가합니다
3,치앙마이 하이랜드 12월 21일 4박 6일 일정인데 트윈룸 말고 더블룸으로 바꿔주세요,고객님 12월 21일 하이랜드 리조트 트윈룸은 마감이라 더블룸으로 변경해 드렸습니다
4,손님 여권 만료일이 2달 남았는데 지금 항공권 발권 못하나요? 재발급은 30일에 나옵니다,고객님 구여권 영문명으로 먼저 발권하시고 신여권 정보는 출발 전까지 입력해주시면 됩니다
5,파타야 아카라 호텔 3명이서 가는데 방 하나에 엑스트라 베드 추가하면 얼마인가요? 3인 요금 알려주세요,고객님 3인 1실 이용 시 1인당 요금은 2인실 이용 시와 동일하며 엑스트라 베드가 추가됩니다
6,제가 어제 항공권 끊으면서 위탁 수하물 신청을 깜빡했는데 지금 추가 결제 가능한가요? 내일 출발이에요,고객님 출발 24시간 전이라면 항공사 콜센터를 통해 사전 수하물 추가 결제가 가능합니다
7,베트남 다낭 가는데 미팅 샌딩비는 4명 합쳐서 50불인가요 아니면 1인당 50불인가요?,고객님 미팅 샌딩비는 4인 기준 차량 1대당 50불이 아니라 1인당 50불씩 총 200불입니다
8,일본 구마모토 골프 여행 가는데 석석 패턴 말고 조조 패턴으로 항공 변경하면 가격 차이 많이 나나요?,고객님 조조 패턴으로 변경 시 1인당 약 15만원 정도 항공료가 추가될 수 있습니다
9,8월 29일 라마다 호텔 숙박하는 김태일님인데 제주 도민이라 렌트카 인수할 때 본인 차 주차해두고 가도 되나요?,고객님 렌트카 회사 규정상 개인 차량 주차는 불가하므로 인근 주차장을 이용하셔야 합니다
10,12월 24일 크리스마스에 라운딩 끝나고 저녁에 갈라디너 꼭 참석해야 하나요? 비용 빼고 안 먹으면 안 되나요?,고객님 크리스마스이브는 갈라디너가 의무 포함이라 참석 여부와 관계없이 비용은 지불하셔야 합니다
11,혹시 이번에 엘리시안 에어레이션 작업 한다던데 9월 18일에 가면 그린 상태 많이 안 좋을까요?,고객님 에어레이션 작업 직후라 그린에 모래가 좀 있을 수 있어 퍼팅 시 불편하실 수 있습니다
12,강미자님 렌트카 배터리가 방전돼서 티업 시간 늦었다고 렌트카 회사에 손해배상 청구해달라고 하시네요,고객님 해당 건은 렌트카 업체와 직접 협의하셔야 하며 저희가 중재해 드리겠습니다
13,11월 6일 강현주님 팀 12명인데 한 명이 아파서 못 간대요 1명만 취소하고 환불 가능한가요?,고객님 항공권은 취소 수수료가 발생하며 지상비는 남은 인원이 분담하셔야 합니다
14,다낭 골프장에서는 캐디팁을 달러로 주나요 아니면 베트남 동으로 주나요? 얼마 정도 주면 적당한가요?,고객님 캐디팁은 18홀 기준 30만~40만동 또는 15~20달러 정도 주시면 적당합니다
15,혹시 7월 5일 핀크스 2인 조인 되나요? 예전에는 됐던 것 같은데 지금은 안 되나요?,고객님 현재 핀크스는 2인 조인 예약을 받지 않고 있어 다른 구장으로 안내해 드려야 합니다
16,김수경님 항공권 티웨이로 발권됐는데 무료 수하물 15kg 맞나요? 20kg인 줄 알았는데 확인 좀 해주세요,고객님 티웨이 항공은 기본 15kg이며 20kg가 필요하시면 사전 추가 구매하셔야 합니다
17,11월 9일 12명이 배 타고 제주도 들어가는데 미니버스 카운티 기사님 포함해서 견적 좀 주세요,고객님 12인 미니버스 기사님 포함 2일 일정으로 견적서 보내드렸습니다 확인 부탁드려요
18,김형표님 5월 1일 오라CC에서 비 와서 9홀만 치고 나오셨다는데 정산금 언제 들어오나요?,고객님 우천 환불금은 골프장 정산 후 오늘 오후 중으로 입금될 예정입니다
19,혹시 일본 사츠마 리조트 내년 1월 15일 출발 4박 5일 견적 미리 받을 수 있을까요?,고객님 사츠마 리조트 1월 요금은 11월 1일에 확정되므로 그때 다시 안내해 드리겠습니다
20,다낭 호이아나 골프장 갈 때 호텔에서 셔틀버스 운행하나요? 아니면 개별 이동해야 하나요?,고객님 뉴월드 호텔에서 호이아나 골프장까지 무료 셔틀버스가 운행되니 이용하시면 됩니다
21,정은미님 렌트카 반납 시간을 19시 30분으로 늦추고 싶은데 야간 배차비 추가되나요?,고객님 20시 이전 반납이라 야간 배차비는 없으며 연장 요금만 추가하시면 됩니다
22,혹시 10월 26일 아덴힐 티업 시간 12시 말고 오전 8시대로 변경 가능한가요?,고객님 10월 26일 아덴힐 8시대는 이미 마감이라 대기 예약만 가능합니다
23,지금 보내주신 견적서 입금가인가요 판매가인가요? 저희 수수료는 얼마나 되나요?,고객님 보내드린 견적은 판매가 기준이며 입금가는 인당 5만원 제외한 금액입니다
24,11월 23일 대구 출발 12명인데 4명은 먼저 가고 8명은 다음날 합류하는 일정으로 견적 짜주세요,고객님 선발대 4명과 후발대 8명 일정을 분리하여 각각 견적서 보내드렸습니다
25,제주 신라스테이 이호테우 호텔 새로 생겼다던데 거기로 숙소 잡고 패키지 가능한가요?,고객님 신라스테이 이호테우 포함 패키지 가능하며 견적은 1인당 80만원 정도 예상됩니다
26,혹시 오늘이나 내일 급하게 2명 조인 들어갈 수 있는 구장 있을까요? 아무 데나 상관없어요,고객님 내일 크라운CC 12시대에 2인 조인 가능한 티가 딱 하나 남아있습니다
27,10월 22일 청주 출발 조철님 항공편이 마땅치 않은데 김포 출발로 바꾸면 견적 어떻게 되나요?,고객님 김포 출발로 변경 시 항공료가 인상되어 전체 견적이 약 5만원 정도 올라갑니다
28,장경섭님 렌트카 자차 보험료 현장에서 내기 번거로우시다고 미리 선결제 하고 싶어 하세요,고객님 원칙은 현장 결제이나 번거로우시면 저희 쪽으로 입금해주시면 대납해 드리겠습니다
29,8월 6일 정세환님 팀 블랙스톤 호텔 1박은 무조건 해야 하고 나머지는 가성비 좋은 곳으로 섞어주세요,고객님 1박은 블랙스톤 1박은 가성비 호텔로 구성하여 견적 보내드렸습니다
30,12월 19일 에코랜드 2인 노캐디로 치고 싶은데 2인 플레이 가능한가요 아니면 3인 요금 내야 하나요?,고객님 에코랜드는 2인 노캐디 플레이가 가능하며 2인 요금만 내시면 됩니다
31,11월 6일 사이프러스 대중제로 치고 싶은데 그날 대회 있다고 하셨잖아요 그럼 회원제로 바꾸면 얼마 추가돼요?,고객님 11월 6일 사이프러스 회원제로 변경 시 1인당 2만원의 추가 요금이 발생합니다
32,이영희님 9월 11일 출발인데 렌트카 차종을 카니발 말고 쏠라티 기사 포함으로 바꾸면 견적 얼마나 오르나요?,고객님 쏠라티 기사 포함으로 변경 시 1일당 약 15만원 정도 차량 비용이 추가됩니다
33,혹시 8월 19일 여수 경도CC 1박 2일 패키지 8명 가능한가요? 골프텔 포함해서요?,고객님 8월 19일 여수 경도CC 8명 골프텔 패키지 예약 가능하며 견적서 보내드리겠습니다
34,소동철님 11월 5일 롯데스카이힐 티업 시간이 7시 35분인데 혹시 8시대로 조금 늦춰줄 수 있나요?,고객님 8시대 티업은 이미 마감이라 현재 7시 35분이 가장 늦은 시간입니다
35,박상선님 티웨이 항공 날짜가 잘못 예약된 것 같아요 26일 리턴인데 확인 좀 해주세요,고객님 확인해 보니 날짜 오류가 맞습니다 즉시 26일 리턴으로 변경 처리하겠습니다
36,10월 27일 청주 출발 라온+에버리스+라헨느 2박 3일 8명 견적 주세요 숙소는 더원호텔로요,고객님 요청하신 구장과 더원호텔 조합으로 2박 3일 8명 견적서 발송했습니다
37,유지현님 10월 20일 사이프러스랑 롯데스카이힐 예약했는데 개인 사정으로 구장만 다 취소하고 위약금 물 수 있나요?,고객님 임박 취소라 위약금이 100% 발생할 수 있는데 괜찮으신가요?
38,11월 30일 김상수님 4명 블랙스톤 테디밸리 포함해서 견적 부탁드립니다 렌트카랑 숙소도 다 포함해서요,고객님 11월 30일 블랙스톤과 테디밸리 포함 풀패키지 견적 1인 85만원입니다
39,혹시 9월 3일 대구 출발 장경섭님 조인 아직 안 됐나요? 2주 남았는데 안 되면 2인 플레이로 확정해 주세요,고객님 아직 조인이 안 되어서 2인 플레이로 확정하고 추가금 안내해 드리겠습니다
40,김동철님 부산 출발 항공편 에어부산 예약번호가 6자리가 아니고 이상한데 다시 확인해 주실 수 있나요?,고객님 에어부산 예약번호 다시 확인하여 정확한 6자리 코드 보내드리겠습니다
41,8월 2일 정은미님 에버리스 1부 조인 구해졌나요? 안 구해지면 그냥 2인 플레이 하신다고 합니다,고객님 에버리스 1부 조인이 아직이라 2인 플레이로 확정하고 진행하겠습니다
42,12월 5일 우성현님 김포 출발 에코랜드 1박 2일 4명 항공 숙박 렌트 골프 싹 다 해서 견적 주세요,고객님 12월 5일 에코랜드 1박 2일 4인 항공 포함 풀패키지 견적은 1인 45만원입니다
43,혹시 제주도 말고 일본 오사카나 후쿠오카 쪽으로 2월달 골프 패키지 나온 거 있나요?,고객님 2월 일본 골프 패키지는 아직 요금 미정이라 나오면 바로 알려드리겠습니다
44,10월 11일 김종기님 숙소를 서귀포 말고 제주시내 쪽에 있는 크라운 호텔로 변경하면 견적 얼마나 빠지나요?,고객님 숙소를 제주시내 크라운 호텔로 변경하시면 1인당 약 3만원 정도 저렴해집니다
45,지금 보내주신 5월 1일 김형표님 견적에서 렌트카만 K5 말고 그랜저로 업그레이드해서 다시 보내주세요,고객님 렌트카를 그랜저로 변경하여 수정한 견적서 다시 보내드렸습니다
46,8월 29일 라헨느 14시 20분 티업인데 라이트 경기 해야 하나요? 손님이 어두워질까 봐 걱정하세요,고객님 14시 20분 티업이면 후반 몇 홀은 라이트 경기를 하셔야 할 수도 있습니다
47,11월 18일 윤복기님 더시에나 라헨느 조인 확정됐나요? 입금하려고 하는데 계좌번호 다시 알려주세요,고객님 조인 확정되었으며 입금 계좌는 우리은행 1005-804-076763 입니다
48,9월 22일 광주 출발 2명인데 아덴힐이나 우리들 말고 시에나 급으로 좋은 구장 원하세요 견적 좀 주세요,고객님 광주 출발 2인 시에나와 블랙스톤으로 구성된 상급 패키지 견적입니다
49,10월 14일 4564님 미니버스 예약했는데 이거 기사님 팁 별도인가요 아니면 포함인가요?,고객님 미니버스 요금에 기사님 수고비와 식대 등 팁은 모두 포함되어 있습니다
50,혹시 7월 25일 김포 출발 2박 3일 2명 항공권 남은 거 있나요? 티몬 때문에 취소표 나왔다고 들었는데,고객님 현재 7월 25일 김포 출발 항공권 잔여석이 2석 확인되어 바로 예약 가능합니다
51,11월 9일 12명 단체 배 타고 들어오는데 렌트카 말고 픽업 샌딩만 해주는 차량 수배 가능한가요?,고객님 12명 단체 이동 가능한 쏠라티 픽업 샌딩 차량 수배해 드리겠습니다
52,김수경님 일행 중에 한 명이 신분증을 안 가져왔다는데 공항에서 등본 떼면 비행기 탈 수 있나요?,고객님 공항 무인민원발급기에서 등본을 발급받으시면 신분증 대용으로 탑승 가능합니다
53,8월 16일 감미자님 해비치 조인 모객 됐나요? 안 됐으면 그냥 3인 요금 내고 칠게요,고객님 아직 조인이 안 되어서 3인 요금 지불하시고 2인 플레이로 확정하겠습니다
54,혹시 10월 31일 이천우님 하얏트 호텔 예약 확정됐나요? 손님이 호텔 컨펌 번호 달라고 재촉하시네요,고객님 하얏트 호텔 예약 확정되었으며 컨펌 번호는 24097319 입니다
55,11월 24일 부산 출발 4명인데 숙소는 하얏트 급으로 원하고 골프는 스카이힐이랑 테디밸리로 잡아주세요,고객님 11월 24일 부산 출발 하얏트 숙박 스카이힐+테디밸리 일정 견적입니다
56,김동철님 11월 6일 출발인데 항공 시간이 너무 늦어요 30분만 더 당길 수 없나요?,고객님 항공편 시간을 확인해 보니 30분 앞당긴 07:45 출발편으로 변경 가능합니다
57,혹시 이번 추석 연휴에 제주도 골프장 그린피 할증 붙나요? 평소보다 얼마나 더 비싼가요?,고객님 추석 연휴 기간에는 주말 요금이 적용되어 평소보다 약 3~5만원 정도 비쌉니다
58,태국 치앙마이는 비자 필요한가요? 여권만 있으면 되나요?,고객님 태국은 무비자 입국이 가능하므로 유효기간 6개월 이상 남은 여권만 있으면 됩니다
59,일본 골프 여행 갈 때 110v 돼지코 어댑터 챙겨가야 하나요 호텔에 있나요?,고객님 일본은 110v를 사용하므로 돼지코 어댑터를 챙겨가시는 것이 좋습니다 호텔 대여는 수량이 부족할 수 있습니다
60,베트남 다낭 뉴월드 호텔 조식 맛있나요? 부모님 모시고 가는 거라 신경 쓰여서요,고객님 다낭 뉴월드 호텔 조식은 한식 메뉴도 있고 종류가 다양해서 평이 아주 좋습니다
61,김진명님 10월 26일 출발인데 지금이라도 여행자 보험 가입 가능한가요?,고객님 출발 전까지 여행자 보험 가입이 가능하며 생년월일 알려주시면 진행해 드리겠습니다
62,혹시 이번 패키지에 포함된 마사지는 팁 별도인가요?,고객님 패키지에 포함된 마사지는 팁이 별도이며 보통 2~3달러 정도 주시면 됩니다
63,11월 23일 대구 출발 단체 팀인데 저녁 식사 할 만한 곳 예약도 대행해 주시나요?,고객님 단체 식사 예약 대행 가능하며 원하시는 메뉴와 예산 알려주시면 섭외해 드리겠습니다
64,혹시 2월에 가는 일본 골프 여행은 날씨가 많이 춥나요?,고객님 2월 일본 본토는 쌀쌀할 수 있지만 오키나와나 규슈 지역은 골프 치기에 괜찮습니다
65,김동철님 부산 출발인데 공항 미팅 장소가 어디인가요?,고객님 김해공항 국제선 청사 1층 3번 게이트 앞에서 가이드와 미팅하시면 됩니다
66,혹시 이번에 가는 골프장은 2인 플레이 보장되나요? 조인되는 거 싫어서요,고객님 해당 상품은 2인 플레이 보장 상품이라 다른 팀과 조인되지 않습니다
67,10월 11일 김종기님 숙소 더원호텔로 확정됐는데 트윈 베드 맞나요?,고객님 더원호텔 트윈 베드로 예약 확정되었으니 안심하셔도 됩니다
68,혹시 현지에서 라운딩 추가하고 싶으면 현장에서 바로 결제하면 되나요?,고객님 현지 라운딩 추가는 티오프 상황에 따라 다르며 가이드에게 문의하시면 됩니다
69,이번 여행에 포함된 식사는 호텔 조식만인가요? 중석식은 어떻게 하나요?,고객님 식사는 호텔 조식만 포함이며 중석식은 클럽하우스나 외부 식당을 이용하시면 됩니다
70,혹시 7월 25일 출발하는 비행기 좌석 2개 붙여서 배정해 주실 수 있나요?,고객님 사전 좌석 지정은 항공사 홈페이지에서 직접 하셔야 하며 공항에서 요청하실 수도 있습니다
71,김수경님 일행 중에 채식주의자가 있는데 식사 메뉴 조절 가능한가요?,고객님 기내식과 호텔 조식에 채식 메뉴가 있는지 확인하고 요청해 드리겠습니다
72,혹시 이번 여행 상품 현금 영수증 발행 가능한가요?,고객님 여행 상품가는 현금 영수증 발행이 가능하며 사업자 번호나 휴대폰 번호 알려주세요
73,11월 30일 김상수님 팀 렌트카 카니발 말고 스타리아로 변경 가능한가요?,고객님 렌트카 차종을 카니발에서 스타리아로 변경 가능하며 요금 차이는 없습니다
74,베트남 달랏 11월 1일 출발 4명 견적 부탁드려요 호텔은 TTC로 하고요,고객님 11월 1일 달랏 4인 TTC 호텔 숙박 견적은 1인 145만원입니다
75,혹시 지금 예약하면 취소할 때 위약금 나오나요? 아직 확실하지 않아서요,고객님 예약 후 7일 이내 취소 시에는 위약금이 없으나 그 이후에는 규정에 따라 부과됩니다
76,내일 제주도 비 온다는데 골프장 휴장하면 전액 환불 되나요?,고객님 골프장 휴장 결정 시에는 100% 전액 환불 처리해 드립니다
77,혹시 현지 기사님 팁은 달러로 줘야 하나요? 한국 돈은 안 받나요?,고객님 현지 기사님 팁은 달러나 현지 화폐로 주시는 것이 좋으며 한국 돈은 환전이 어려워 받지 않습니다
78,김형표님 8월 21일 그린필드 티업 시간 8시 24분 맞나요? 다시 한번 확인해 주세요,고객님 확인해 보니 8월 21일 그린필드 티업 시간은 08:24가 정확합니다
79,이번에 가는 파타야 골프장은 카트 페어웨이 진입 가능한가요?,고객님 해당 골프장은 우천 시를 제외하고는 카트의 페어웨이 진입이 허용됩니다
80,혹시 10월 20일 부산 출발 에어부산 항공권 포함해서 크라운이랑 더클래식 견적 좀 주세요,고객님 부산 출발 에어부산 포함 10월 20일 2인 크라운+더클래식 견적서 보내드렸습니다
81,김동철님 부산 출발 항공편 예약번호가 조회가 안 된다고 하시는데 확인 좀 해주세요,고객님 항공사 시스템 오류로 잠시 조회가 안 될 수 있으니 30분 뒤에 다시 시도해 보시기 바랍니다
82,혹시 이번 여행 가이드님 한국 사람인가요? 현지인인가요?,고객님 이번 여행은 한국인 가이드가 전 일정 동행하며 편안하게 모실 예정입니다
83,12월 19일 에코랜드 2인 노캐디 라운딩 확정서 보내주실 수 있나요?,고객님 에코랜드 2인 노캐디 라운딩 확정서 카톡으로 발송해 드렸습니다
84,혹시 일본 골프 여행 갈 때 골프백 커버 씌워야 하나요?,고객님 골프백 보호를 위해 항공 커버를 씌우시는 것을 권장하며 공항에서도 구매 가능합니다
85,김진명님 10월 26일 출발인데 공항 주차장 예약 대행도 해주시나요?,고객님 공항 주차장 예약은 직접 하셔야 하며 인천공항 홈페이지를 이용하시면 됩니다
86,혹시 이번 여행에 쇼핑센터 방문 몇 회나 있나요? 쇼핑 강요는 없나요?,고객님 이번 상품은 쇼핑센터 방문 3회가 포함되어 있으나 강요는 전혀 없으니 안심하셔도 됩니다
87,11월 23일 대구 출발 12명 단체인데 룸 배정표 미리 받을 수 있을까요?,고객님 호텔 룸 배정표는 출발 3일 전에 확정되어 나오니 그때 보내드리겠습니다
88,혹시 현지에서 마사지 샵 추천해 주실 수 있나요? 가격대도 알려주세요,고객님 현지 가이드가 검증된 마사지 샵을 안내해 드릴 예정이며 가격은 2시간 기준 약 3~4만원입니다
89,김수경님 일행 중에 휠체어 사용하시는 분이 계신데 이동 차량에 휠체어 실을 수 있나요?,고객님 휠체어 탑재가 가능한 대형 밴으로 차량을 배정해 드리겠습니다
90,혹시 이번 여행 여행자 보험 보장 내역서 보내주실 수 있나요?,고객님 여행자 보험 보장 내역서 이메일로 발송해 드렸으니 확인 부탁드립니다
91,10월 22일 청주 출발 조철님 항공권 발권 완료됐나요? 이티켓 못 받으셨대요,고객님 항공권 발권 완료되었으며 이티켓 다시 한번 문자 전송해 드렸습니다
92,혹시 현지에서 사용할 유심칩 미리 구매해야 하나요? 공항에서 살 수 있나요?,고객님 유심칩은 한국에서 미리 구매하시거나 현지 공항에서도 구매 가능합니다
93,김동철님 부산 출발 항공편 좌석 지정 미리 할 수 있나요?,고객님 사전 좌석 지정은 항공사 홈페이지에서 직접 가능하며 출발 24시간 전부터 열립니다
94,혹시 이번 여행 식당 메뉴 미리 알 수 있나요? 못 먹는 음식이 있어서요,고객님 식당 및 메뉴 리스트 보내드릴 테니 못 드시는 음식은 미리 말씀해 주시면 조절해 드리겠습니다
95,11월 6일 강현주님 팀 공항 미팅 보드에 뭐라고 적혀 있나요?,고객님 공항 미팅 보드에는 '강현주님 일행 환영'이라고 적혀 있을 예정입니다
96,혹시 이번 여행 일정표 파일로 받을 수 있나요? 출력해서 가져가려고요,고객님 상세 일정표 파일 카톡으로 보내드렸으니 다운로드하여 사용하시면 됩니다
97,김진명님 10월 26일 출발인데 환전은 얼마나 해가면 좋을까요?,고객님 현지 개인 경비로 1인당 약 300달러 정도 환전해 가시면 충분하실 겁니다
98,혹시 이번 여행 호텔에 수영장 있나요? 이용 시간도 알려주세요,고객님 숙박하시는 호텔에 야외 수영장이 있으며 이용 시간은 오전 7시부터 오후 9시까지입니다
99,11월 23일 대구 출발 12명 단체인데 현수막 제작도 해주시나요?,고객님 여행사 특전으로 기념 현수막 제작하여 공항 미팅 시 전달해 드리겠습니다
100,혹시 이번 여행 가이드 팁 포함인가요? 불포함인가요?,고객님 가이드 기사 팁은 1인당 전 일정 40달러 현지 지불 조건입니다
101,김수경님 일행 중에 임산부가 계신데 라운딩 가능한가요?,고객님 임산부 라운딩은 안전상의 이유로 권장하지 않으나 본인 책임하에 가능은 합니다
102,혹시 이번 여행 호텔에 칫솔 치약 구비되어 있나요?,고객님 호텔에 어메니티로 칫솔 치약이 구비되어 있으나 개인 용품 챙겨가시는 것을 추천합니다
103,10월 22일 청주 출발 조철님 공항 주차비 지원되나요?,고객님 공항 주차비 지원은 불가하며 개별적으로 정산하셔야 합니다
104,혹시 이번 여행 선택 관광 리스트 미리 볼 수 있나요?,고객님 선택 관광 리스트와 요금표 보내드릴 테니 참고하시기 바랍니다
105,김동철님 부산 출발 항공편 기내식 제공되나요?,고객님 해당 항공편은 저비용 항공사라 기내식이 제공되지 않으며 사전 주문 가능합니다
106,혹시 이번 여행 호텔 객실 내 와이파이 무료인가요?,고객님 호텔 전 객실 및 로비에서 무료 와이파이 이용 가능합니다
107,11월 6일 강현주님 팀 현지 날씨 어떤가요? 옷차림 어떻게 해야 하나요?,고객님 현지 날씨는 한국의 초가을 날씨와 비슷하니 얇은 긴팔 위주로 챙기시면 됩니다
108,혹시 이번 여행 일정 중에 쇼핑센터 방문 시간 얼마나 되나요?,고객님 쇼핑센터 방문 시간은 한 곳당 약 40분~1시간 정도 소요됩니다
109,김진명님 10월 26일 출발인데 공항 라운지 이용권 주나요?,고객님 공항 라운지 이용권은 제공되지 않으나 PP카드 소지 시 이용 가능합니다
110,혹시 이번 여행 호텔 주변에 편의점이나 마트 있나요?,고객님 호텔 도보 5분 거리에 편의점과 대형 마트가 있어 이용하시기 편리합니다
111,11월 23일 대구 출발 12명 단체인데 버스 좌석 배열 어떻게 되나요?,고객님 28인승 리무진 버스로 배정되며 좌석은 2-1 배열로 넉넉합니다
112,혹시 이번 여행 가이드님 연락처 미리 알 수 있나요?,고객님 배정된 가이드님 연락처는 출발 2일 전에 확정되어 안내해 드릴 예정입니다
113,김수경님 일행 중에 생일이신 분이 계신데 케이크 준비해 주실 수 있나요?,고객님 생일 축하 케이크 준비해 드릴 수 있으며 저녁 식사 시간에 제공해 드리겠습니다
114,혹시 이번 여행 호텔 조식 시간은 몇 시부터인가요?,고객님 호텔 조식은 오전 6시 30분부터 10시까지 이용 가능합니다
115,10월 22일 청주 출발 조철님 항공편 수하물 파손 시 보상되나요?,고객님 수하물 파손 시 항공사 규정에 따라 보상 가능하며 현장에서 즉시 신고하셔야 합니다
116,혹시 이번 여행 일정 변경 가능한가요? 하루 자유 일정 넣고 싶어서요,고객님 단독 행사라 원하시는 대로 일정 조율 가능하며 자유 일정 추가해 드리겠습니다
117,김동철님 부산 출발 항공편 마일리지 적립되나요?,고객님 해당 항공권은 특가 운임이라 마일리지 적립이 불가하거나 적립률이 낮을 수 있습니다
118,혹시 이번 여행 호텔에 헬스장 있나요? 운동화 챙겨가야 하나요?,고객님 호텔 내 피트니스 센터가 있으며 이용하시려면 운동화와 운동복 지참하셔야 합니다
119,11월 6일 강현주님 팀 현지 병원 이용 시 보험 처리되나요?,고객님 가입하신 여행자 보험으로 현지 병원비 보상 청구 가능하며 진단서와 영수증 챙기셔야 합니다
120,혹시 이번 여행 팁 줄 때 달러 소액권 많이 필요한가요?,고객님 매너팁 용도로 1달러 지폐를 10~20장 정도 준비해 가시면 유용하게 쓰실 수 있습니다
121,김진명님 10월 26일 출발인데 공항 환전소 운영 시간 어떻게 되나요?,고객님 인천공항 환전소는 대부분 오전 6시부터 오후 9시까지 운영합니다
122,혹시 이번 여행 호텔 객실에 드라이기 있나요?,고객님 호텔 객실 내 헤어드라이기가 비치되어 있어 따로 안 챙기셔도 됩니다
123,11월 23일 대구 출발 12명 단체인데 노래방 기기 있는 식당 예약되나요?,고객님 노래방 시설이 완비된 한식당으로 저녁 식사 예약해 드리겠습니다
124,혹시 이번 여행 가이드님 팁 미리 달러로 환전해 드려도 되나요?,고객님 가이드 팁은 현지에서 달러로 직접 전달해 주시면 감사하겠습니다
125,김수경님 일행 중에 흡연자가 계신데 호텔 내 흡연 가능한가요?,고객님 호텔 객실은 전면 금연이며 지정된 흡연 구역을 이용하셔야 합니다
126,혹시 이번 여행 일정 중에 마사지 추가 가능한가요?,고객님 현지에서 가이드에게 말씀하시면 마사지 추가 예약 가능합니다
127,10월 22일 청주 출발 조철님 항공편 웹 체크인 가능한가요?,고객님 출발 24시간 전부터 항공사 모바일 앱을 통해 웹 체크인이 가능합니다
128,혹시 이번 여행 호텔에 세탁 서비스 있나요?,고객님 유료 세탁 서비스 이용 가능하며 객실 내 런드리 백에 담아두시면 됩니다
129,김동철님 부산 출발 항공편 기내 면세품 구매 가능한가요?,고객님 기내 면세품 구매 가능하며 사전에 온라인으로 주문하시면 편리합니다
130,혹시 이번 여행 현지 유심 데이터 무제한인가요?,고객님 제공해 드리는 유심은 일 2GB 고속 데이터 후 저속 무제한 상품입니다
131,11월 6일 강현주님 팀 여행자 보험 나이 제한 있나요?,고객님 만 80세 이상은 여행자 보험 가입이 제한될 수 있으며 별도 플랜으로 안내해 드립니다
132,혹시 이번 여행 일정 중에 자유 쇼핑 시간 있나요?,고객님 마지막 날 공항 가기 전에 대형 쇼핑몰에서 자유 쇼핑 시간을 드릴 예정입니다
133,김진명님 10월 26일 출발인데 공항 코트룸 서비스 이용 가능한가요?,고객님 겨울 외투 보관 서비스 이용 가능하며 유료로 제공됩니다
134,혹시 이번 여행 호텔 객실 뷰 업그레이드 가능한가요?,고객님 추가 비용 지불 시 오션뷰나 고층 객실로 업그레이드 가능합니다
135,11월 23일 대구 출발 12명 단체인데 여행 토퍼 제작해 주시나요?,고객님 여행 기념 토퍼 제작하여 출발 전에 택배로 보내드리겠습니다
136,혹시 이번 여행 가이드님 한국어 잘하시나요?,고객님 한국어 구사가 유창한 현지 가이드 또는 한국인 가이드가 배정됩니다
137,김수경님 일행 중에 유아 동반 시 베이비시터 서비스 가능한가요?,고객님 호텔 내 베이비시터 서비스 이용 가능하며 사전 예약 필수입니다
138,혹시 이번 여행 일정표에 있는 식당 변경 가능한가요?,고객님 원하시는 메뉴나 식당이 있으시면 반영하여 일정 조정해 드리겠습니다
139,10월 22일 청주 출발 조철님 항공편 비상구 좌석 구매 가능한가요?,고객님 비상구 좌석은 공항 체크인 카운터에서 유료로 구매 가능합니다
140,혹시 이번 여행 호텔 체크아웃 시간 연장 가능한가요?,고객님 레이트 체크아웃 가능하며 시간당 추가 요금이 발생할 수 있습니다
141,김동철님 부산 출발 항공편 기내 수하물 액체류 반입 규정 어떻게 되나요?,고객님 기내 반입 액체류는 100ml 이하 용기에 담아 투명 지퍼백에 넣으셔야 합니다
142,혹시 이번 여행 현지 콘센트 전압 한국이랑 같나요?,고객님 현지 전압은 한국과 동일하거나 멀티 어댑터가 필요 없는 경우가 많습니다
143,11월 6일 강현주님 팀 여행 경비 현금 영수증 말고 세금계산서 발행되나요?,고객님 사업자 등록증 보내주시면 여행 알선 수수료에 대해 세금계산서 발행 가능합니다
144,혹시 이번 여행 일정 중에 야시장 방문 하나요?,고객님 저녁 식사 후 자유 시간에 야시장 방문 가능하며 가이드가 안내해 드립니다
145,김진명님 10월 26일 출발인데 공항 리무진 버스 시간표 알 수 있나요?,고객님 공항 리무진 버스 시간표 및 탑승 장소 안내 링크 보내드리겠습니다
146,혹시 이번 여행 호텔 수영장 수모 착용 필수인가요?,고객님 호텔 수영장은 수모 착용이 필수는 아니지만 머리를 묶으셔야 할 수 있습니다
147,11월 23일 대구 출발 12명 단체인데 골프 조 편성 미리 해야 하나요?,고객님 원활한 진행을 위해 골프 조 편성을 미리 해서 알려주시면 좋습니다
148,혹시 이번 여행 가이드님 팁 카드 결제 되나요?,고객님 가이드 팁은 현금 결제만 가능하며 달러나 현지 화폐로 준비해 주세요
149,김수경님 일행 중에 휠체어 대여 필요한데 공항에서 가능한가요?,고객님 공항 안내 데스크에서 휠체어 무료 대여 서비스 이용 가능합니다
150,혹시 이번 여행 일정 중에 현지 마트 들를 수 있나요?,고객님 일정 중 마트 방문 원하시면 가이드에게 말씀하셔서 잠시 들르실 수 있습니다
151,10월 22일 청주 출발 조철님 항공편 좌석 간격 넓은가요?,고객님 해당 항공편은 일반석 좌석 간격이며 앞좌석이나 비상구 좌석 구매 시 더 넓습니다
152,혹시 이번 여행 호텔 객실에 다리미 있나요?,고객님 객실 내 다리미와 다리미판이 구비되어 있거나 요청 시 가져다드립니다
153,김동철님 부산 출발 항공편 기내 담요 제공되나요?,고객님 저비용 항공사는 기내 담요가 유료로 제공되거나 없을 수 있어 겉옷 챙기시는 게 좋습니다
154,혹시 이번 여행 현지 물가 비싼 편인가요?,고객님 현지 물가는 한국보다 저렴한 편이라 식사나 쇼핑하시기에 부담 없습니다
155,11월 6일 강현주님 팀 여행자 보험 휴대품 도난 보장되나요?,고객님 가입하신 보험에 휴대품 도난 및 파손 보장이 포함되어 있습니다
156,혹시 이번 여행 일정 중에 선상 파티 가능한가요?,고객님 크루즈 선상 파티 옵션 추가 가능하며 비용은 인당 5만원 정도입니다
157,김진명님 10월 26일 출발인데 공항 주차 대행 서비스 이용할 수 있나요?,고객님 공항 공식 주차 대행 서비스 예약해 드리거나 업체 연락처 안내해 드리겠습니다
158,혹시 이번 여행 호텔 룸 서비스 이용 가능한가요?,고객님 24시간 룸 서비스 이용 가능하며 메뉴판은 객실 내에 비치되어 있습니다
159,11월 23일 대구 출발 12명 단체인데 골프백 택배로 미리 보낼 수 있나요?,고객님 공항 택배 서비스를 이용하여 골프백을 미리 공항으로 보내실 수 있습니다
160,혹시 이번 여행 가이드님 팁 봉투 따로 준비해야 하나요?,고객님 팁 봉투는 따로 준비 안 하셔도 되며 현금 그대로 주셔도 무방합니다
161,김수경님 일행 중에 고령자가 계신데 일정 무리 없을까요?,고객님 일정이 여유롭게 짜여 있어 고령자분들도 편안하게 여행하실 수 있습니다
162,혹시 이번 여행 일정 중에 현지 전통 의상 체험 가능한가요?,고객님 현지 전통 의상 대여 및 체험 가능한 곳으로 안내해 드릴 수 있습니다
163,10월 22일 청주 출발 조철님 항공편 기내 와이파이 되나요?,고객님 해당 항공편은 기내 와이파이 서비스가 제공되지 않습니다
164,혹시 이번 여행 호텔 객실에 금고 있나요?,고객님 전 객실 내 개인 금고가 있어 귀중품을 안전하게 보관하실 수 있습니다
165,김동철님 부산 출발 항공편 모바일 탑승권 발급되나요?,고객님 출발 24시간 전부터 모바일 탑승권 발급이 가능하여 공항 수속 시간을 줄일 수 있습니다
166,혹시 이번 여행 현지 교통 수단은 뭔가요?,고객님 전 일정 전용 차량으로 이동하며 기사님이 배정됩니다
167,11월 6일 강현주님 팀 여행자 보험 질병 사망 보장되나요?,고객님 질병 사망은 보통 여행자 보험 보장 내역에 포함되지 않는 경우가 많습니다
168,혹시 이번 여행 일정 중에 해양 스포츠 즐길 수 있나요?,고객님 해변 자유 시간에 제트스키나 바나나보트 등 해양 스포츠 이용 가능합니다
169,김진명님 10월 26일 출발인데 공항 환전 우대 쿠폰 있나요?,고객님 은행 앱을 통해 환전 신청하시면 최대 90%까지 우대받으실 수 있습니다
170,혹시 이번 여행 호텔 수영장에 튜브 반입 되나요?,고객님 대형 튜브를 제외한 일반 튜브는 수영장에서 사용 가능합니다
171,11월 23일 대구 출발 12명 단체인데 기념품 단체 구매 가능한가요?,고객님 귀국 전 쇼핑몰에서 기념품 단체 구매하실 수 있도록 시간 배정해 드립니다
172,혹시 이번 여행 가이드님 팁 얼마나 줘야 적당한가요?,고객님 가이드 팁은 정해진 금액은 없으나 보통 1일 10달러 정도가 관례입니다
173,김수경님 일행 중에 알레르기 있는 분이 계신데 식사 신경 써주시나요?,고객님 알레르기 유발 식재료를 미리 말씀해 주시면 식당에 전달하여 제외하겠습니다
174,혹시 이번 여행 일정 중에 현지 학교 방문 가능한가요?,고객님 사전 섭외가 필요한 부분이라 현지 학교 방문은 어려울 수 있습니다
175,10월 22일 청주 출발 조철님 항공편 유모차 기내 반입 되나요?,고객님 기내 반입 가능한 휴대용 유모차 규격을 확인하시고 가져가시면 됩니다
176,혹시 이번 여행 호텔 객실에 욕조 있나요?,고객님 욕조가 있는 객실로 우선 배정 요청해 드리겠으나 확정은 아닙니다
177,김동철님 부산 출발 항공편 반려동물 동반 가능한가요?,고객님 반려동물 동반 시 운송 서약서 작성 및 추가 요금 지불 후 탑승 가능합니다
178,혹시 이번 여행 현지 치안 안전한가요?,고객님 관광지 위주로 다니시고 가이드 안내를 따르시면 치안 걱정 없이 여행하실 수 있습니다
179,11월 6일 강현주님 팀 여행자 보험 항공기 지연 보상되나요?,고객님 4시간 이상 항공기 지연 시 식사비나 숙박비 등 실비 보상 가능합니다
180,혹시 이번 여행 일정 중에 스냅 촬영 가능한가요?,고객님 현지 스냅 작가 섭외하여 여행 중 스냅 촬영 진행해 드릴 수 있습니다
181,김진명님 10월 26일 출발인데 공항 내 약국 위치 알 수 있나요?,고객님 인천공항 3층 출국장에 약국이 있으며 위치 안내도 보내드리겠습니다
182,혹시 이번 여행 호텔 수영장 온수풀인가요?,고객님 해당 호텔 야외 수영장은 온수풀이 아니며 실내 수영장은 미온수입니다
183,11월 23일 대구 출발 12명 단체인데 현지 유심 단체 구매 가능한가요?,고객님 인원수에 맞춰 현지 유심 미리 준비해서 공항 미팅 시 나눠드리겠습니다
184,혹시 이번 여행 가이드님 팁 한국 돈으로 줘도 되나요?,고객님 가이드 팁은 가급적 달러나 현지 화폐로 주시는 것이 환전 번거로움을 덜어드립니다
185,김수경님 일행 중에 거동 불편하신 분 계신데 휠체어 대여되나요?,고객님 현지에서 휠체어 대여 가능하도록 조치해 드리겠습니다
186,혹시 이번 여행 일정 중에 현지 클럽 가볼 수 있나요?,고객님 저녁 자유 시간에 성인분들에 한해 현지 클럽 체험 가능하며 가이드가 안내해 드립니다
187,10월 22일 청주 출발 조철님 항공편 보조 배터리 기내 반입 되나요?,고객님 보조 배터리는 위탁 수하물 금지이며 반드시 기내에 들고 타셔야 합니다
188,혹시 이번 여행 호텔 객실에 전자레인지 있나요?,고객님 객실 내 전자레인지는 없으나 프런트에 요청하시면 데워드릴 수 있습니다
189,김동철님 부산 출발 항공편 기내 액체류 반입 제한 있나요?,고객님 기내 액체류는 개별 용기 100ml 이하로 1L 투명 비닐 지퍼백 1개까지만 반입 가능합니다
190,혹시 이번 여행 현지 날씨 비 많이 오나요?,고객님 우기 시즌이라 스콜성 비가 올 수 있으나 여행하시기에 큰 지장은 없습니다
191,11월 6일 강현주님 팀 여행자 보험 휴대품 파손 시 자기부담금 있나요?,고객님 휴대품 파손 보상 시 1건당 1만원의 자기부담금이 발생합니다
192,혹시 이번 여행 일정 중에 낚시 체험 가능한가요?,고객님 바다 낚시 투어 옵션 추가 가능하며 장비 대여료 포함 인당 8만원입니다
193,김진명님 10월 26일 출발인데 공항 흡연실 위치 알 수 있나요?,고객님 보안 검색 후 면세 구역 내 양쪽 끝에 흡연실이 마련되어 있습니다
194,혹시 이번 여행 호텔 수영장 수건 제공되나요?,고객님 수영장 입구에서 비치 타월을 무료로 대여해 드리고 있습니다
195,11월 23일 대구 출발 12명 단체인데 버스 내 음주 가능한가요?,고객님 안전을 위해 버스 내 음주는 가급적 자제해 주시기 바랍니다
196,혹시 이번 여행 가이드님 팁 여행 경비에 포함해서 결제해도 되나요?,고객님 가이드 팁 포함 견적으로 다시 산출해서 보내드릴 테니 일괄 결제하셔도 됩니다
197,김수경님 일행 중에 종교적인 이유로 특정 음식 못 드시는데 괜찮나요?,고객님 할랄 푸드나 채식 등 특별 식단 가능한 식당으로 안내해 드리겠습니다
198,혹시 이번 여행 일정 중에 현지 가정집 방문 가능한가요?,고객님 현지 가정집 방문은 사생활 침해 우려가 있어 관광 프로그램에 포함되지 않습니다
199,10월 22일 청주 출발 조철님 항공편 노트북 기내 반입 되나요?,고객님 노트북은 파손 위험이 있어 위탁 수하물보다 기내 휴대를 권장합니다
200,혹시 이번 여행 호텔 객실에 얼음 제공되나요?,고객님 각 층 얼음 정수기나 제빙기를 이용하시거나 룸 서비스로 요청하시면 됩니다
201,김동철님 부산 출발 항공편 기내 편의 시설 어떤 게 있나요?,고객님 저비용 항공사라 개인 모니터는 없으며 유료 식음료 판매 서비스가 있습니다
202,혹시 이번 여행 현지 전압 변환 어댑터 필요한가요?,고객님 한국과 전압이 달라 멀티 어댑터가 필요하며 호텔 대여 또는 개별 지참하셔야 합니다
203,11월 6일 강현주님 팀 여행자 보험 식중독 보장되나요?,고객님 여행 중 식중독 발생 시 병원비 보장이 가능합니다
204,혹시 이번 여행 일정 중에 쿠킹 클래스 참여 가능한가요?,고객님 현지 요리를 배워볼 수 있는 쿠킹 클래스 체험 옵션 추가 가능합니다
205,김진명님 10월 26일 출발인데 공항 내 샤워실 이용 가능한가요?,고객님 환승객을 위한 샤워실이 있으며 일반 이용객은 유료 라운지를 이용하셔야 합니다
206,혹시 이번 여행 호텔 수영장 튜브 바람 넣는 기계 있나요?,고객님 수영장에 에어 펌프가 비치되어 있어 튜브 바람을 쉽게 넣으실 수 있습니다
207,11월 23일 대구 출발 12명 단체인데 현지 유심 대신 포켓 와이파이 대여되나요?,고객님 단체 이용 시 포켓 와이파이 대여가 더 효율적일 수 있으며 공항 수령 도와드리겠습니다
208,혹시 이번 여행 가이드님 팁 안 주면 어떻게 되나요?,고객님 가이드 팁은 서비스에 대한 감사의 표시이자 관례이므로 주시는 것이 좋습니다
209,김수경님 일행 중에 생일 파티 용품 준비해 주실 수 있나요?,고객님 간단한 파티 용품이나 케이크 준비 도와드릴 수 있으니 미리 말씀해 주세요
210,혹시 이번 여행 일정 중에 현지 봉사 활동 가능한가요?,고객님 여행 일정 상 봉사 활동 프로그램은 포함되어 있지 않습니다
211,10월 22일 청주 출발 조철님 항공편 기내 면세점 이용 가능한가요?,고객님 기내 면세점 책자를 보시고 승무원에게 주문하시면 구매 가능합니다
212,혹시 이번 여행 호텔 객실에 넷플릭스 나오나요?,고객님 스마트 TV가 설치된 객실에서는 개인 계정으로 로그인하여 넷플릭스 시청 가능합니다
213,김동철님 부산 출발 항공편 기내 의료 서비스 있나요?,고객님 기내에 비상 구급약이 비치되어 있으며 응급 상황 시 승무원의 도움을 받을 수 있습니다
214,혹시 이번 여행 현지 언어 몰라도 괜찮나요?,고객님 한국어 가이드가 동행하므로 의사소통에 전혀 불편함이 없습니다
215,11월 6일 강현주님 팀 여행자 보험 휴대품 분실 보장되나요?,고객님 단순 분실은 보장되지 않으며 도난이나 파손 시에만 보험 처리가 가능합니다
216,혹시 이번 여행 일정 중에 스쿠버 다이빙 가능한가요?,고객님 체험 다이빙 옵션 추가 가능하며 자격증 소지자는 펀 다이빙도 가능합니다
217,김진명님 10월 26일 출발인데 공항 내 기도실 있나요?,고객님 종교실이 마련되어 있어 기도나 명상을 하실 수 있습니다
218,혹시 이번 여행 호텔 수영장 선베드 무료인가요?,고객님 투숙객은 수영장 선베드와 파라솔을 무료로 이용하실 수 있습니다
219,11월 23일 대구 출발 12명 단체인데 버스에 노래방 기계 있나요?,고객님 차량에 따라 노래방 기기 설치 여부가 다르니 확인 후 배정해 드리겠습니다
220,혹시 이번 여행 가이드님 팁 달러 말고 원화로 줘도 되나요?,고객님 가이드님이 환전하기 번거로우실 수 있으니 가급적 달러나 현지 화폐를 권장합니다
221,김수경님 일행 중에 채식 식당 원하시는데 가능한가요?,고객님 현지 채식 전문 식당이나 비건 메뉴가 있는 곳으로 안내해 드리겠습니다
222,혹시 이번 여행 일정 중에 현지 공연 관람 있나요?,고객님 저녁 식사 후 현지 전통 공연이나 쇼 관람 일정이 포함되어 있습니다
223,10월 22일 청주 출발 조철님 항공편 기내 유아용 요람 신청 가능한가요?,고객님 유아용 요람은 사전 예약이 필요하며 항공사 규정에 따라 제공 여부가 달라집니다
224,혹시 이번 여행 호텔 객실에 블루투스 스피커 있나요?,고객님 일부 상위 객실에는 블루투스 스피커가 비치되어 있습니다
225,김동철님 부산 출발 항공편 기내 반입 금지 물품 뭐 있나요?,고객님 폭발물 인화성 물질 흉기 등은 기내 반입 및 위탁 수하물 모두 금지됩니다
226,혹시 이번 여행 현지 팁 문화 있나요?,고객님 호텔 벨보이나 마사지사 등에게 소액의 팁을 주는 문화가 있습니다
227,11월 6일 강현주님 팀 여행자 보험 렌트카 사고 보장되나요?,고객님 여행자 보험은 렌트카 사고 시 차량 파손이나 대인 대물 배상을 보장하지 않습니다
228,혹시 이번 여행 일정 중에 자유 시간 충분한가요?,고객님 패키지 일정이지만 중간중간 개인적인 시간을 보내실 수 있도록 자유 시간을 드립니다
229,김진명님 10월 26일 출발인데 공항 내 프린트 할 곳 있나요?,고객님 안내 데스크나 비즈니스 센터에서 유료로 인쇄 및 복사 서비스를 이용하실 수 있습니다
230,혹시 이번 여행 호텔 수영장 풀사이드 바 이용 가능한가요?,고객님 수영장 옆 풀사이드 바에서 음료나 간단한 스낵을 주문해 드실 수 있습니다
231,11월 23일 대구 출발 12명 단체인데 단체 티셔츠 제작 가능한가요?,고객님 여행사 제휴 업체를 통해 단체 티셔츠 제작 및 배송 대행해 드릴 수 있습니다
232,혹시 이번 여행 가이드님 팁 마지막 날 한꺼번에 줘도 되나요?,고객님 가이드 팁은 보통 일정 마지막 날 공항 샌딩 시에 일괄 전달하는 것이 일반적입니다
233,김수경님 일행 중에 휠체어 필요하신 분 계신데 호텔 내 이동 편한가요?,고객님 엘리베이터와 경사로가 잘 갖춰진 호텔로 배정하여 이동에 불편 없도록 하겠습니다
234,혹시 이번 여행 일정 중에 현지 시장 구경 가능한가요?,고객님 현지 재래시장이나 야시장을 방문하여 특산품 구경하고 구매하실 수 있습니다
235,10월 22일 청주 출발 조철님 항공편 기내 이어폰 주나요?,고객님 개인 이어폰을 지참하시는 것이 좋으며 필요시 승무원에게 요청하시면 제공해 줍니다
236,혹시 이번 여행 호텔 객실에 커피 머신 있나요?,고객님 캡슐 커피 머신이 비치된 객실을 이용하시거나 로비 카페를 이용하시면 됩니다
237,김동철님 부산 출발 항공편 기내식 사전 주문 가능한가요?,고객님 항공사 홈페이지에서 출발 72시간 전까지 기내식 사전 주문 및 결제가 가능합니다
238,혹시 이번 여행 현지 물 갈아마시면 안 되나요?,고객님 현지 수돗물은 식수로 적합하지 않으니 반드시 생수를 구입해 드시는 것이 안전합니다
239,11월 6일 강현주님 팀 여행자 보험 현지 병원 통역 서비스 되나요?,고객님 보험사 제휴 병원 이용 시 한국어 통역 서비스나 통역비 지원이 가능할 수 있습니다
240,혹시 이번 여행 일정 중에 요트 투어 가능한가요?,고객님 프라이빗 요트 투어 옵션 추가 가능하며 럭셔리한 시간을 보내실 수 있습니다
241,김진명님 10월 26일 출발인데 공항 내 수하물 보관소 있나요?,고객님 공항 내 유료 수하물 보관소가 있어 짐을 맡기시고 편하게 이동하실 수 있습니다
242,혹시 이번 여행 호텔 수영장 튜브 대여 되나요?,고객님 호텔 수영장에서 튜브나 구명조끼 등을 무료 또는 유료로 대여해 드리고 있습니다
243,11월 23일 대구 출발 12명 단체인데 현지 행사 진행 가능한가요?,고객님 연회장 대관 및 음향 기기 설치 등 현지 행사 진행을 위한 지원이 가능합니다
244,혹시 이번 여행 가이드님 팁 미리 포함해서 결제 안 되나요?,고객님 가이드 팁 포함 견적서를 요청하시면 반영하여 다시 보내드리겠습니다
245,김수경님 일행 중에 유모차 가져가는데 수하물 처리 어떻게 하나요?,고객님 유모차는 탑승 게이트 앞까지 사용하시고 위탁하거나 기내 반입 가능 여부 확인해야 합니다
246,혹시 이번 여행 일정 중에 박물관 관람 있나요?,고객님 현지 역사와 문화를 알 수 있는 박물관이나 유적지 방문 일정이 포함되어 있습니다
247,10월 22일 청주 출발 조철님 항공편 기내 담요 가져와도 되나요?,고객님 기내 제공 담요는 항공사 자산이므로 외부 반출이 금지되어 있습니다
248,혹시 이번 여행 호텔 객실에 공기청정기 있나요?,고객님 요청 시 공기청정기를 객실에 설치해 드리거나 구비된 객실로 배정해 드립니다
249,김동철님 부산 출발 항공편 기내 슬리퍼 주나요?,고객님 장거리 노선이 아니면 기내 슬리퍼가 제공되지 않으니 필요시 개별 지참하세요
250,혹시 이번 여행 현지 화장실 유료인가요?,고객님 관광지 공중화장실 이용 시 소액의 사용료를 내야 하는 경우가 있습니다
251,11월 6일 강현주님 팀 여행자 보험 휴대품 분실 신고 어떻게 하나요?,고객님 현지 경찰서에서 폴리스 리포트를 발급받으셔야 귀국 후 보험 청구가 가능합니다
252,혹시 이번 여행 일정 중에 동물원 방문 가능한가요?,고객님 야생 동물원이나 사파리 투어 일정 추가 가능하며 가족 여행객에게 추천합니다
253,김진명님 10월 26일 출발인데 공항 내 환전 한도 있나요?,고객님 공항 환전소는 1인당 환전 금액 제한이 있을 수 있으니 미리 확인하시기 바랍니다
254,혹시 이번 여행 호텔 수영장 복장 규정 있나요?,고객님 수영복이나 래시가드를 착용하셔야 하며 면 소재 의류는 입수가 제한될 수 있습니다
255,11월 23일 대구 출발 12명 단체인데 단체 사진 촬영해 주시나요?,고객님 가이드가 주요 관광지에서 단체 사진 촬영을 도와드리며 원본 파일 보내드립니다
256,혹시 이번 여행 가이드님 팁 봉투에 이름 써서 줘야 하나요?,고객님 감사의 마음을 담아 봉투에 전달해 주시면 가이드님께 큰 힘이 됩니다
257,김수경님 일행 중에 아기 이유식 데워줄 수 있나요?,고객님 기내나 식당에서 요청하시면 이유식을 따뜻하게 데워드릴 수 있습니다
258,혹시 이번 여행 일정 중에 놀이공원 갈 수 있나요?,고객님 테마파크나 놀이공원 방문 일정 추가 가능하며 자유 이용권 구매 대행해 드립니다
259,10월 22일 청주 출발 조철님 항공편 기내 면세품 예약 되나요?,고객님 인터넷 기내 면세점에서 사전 예약 주문하시면 탑승 시 좌석에서 받으실 수 있습니다
260,혹시 이번 여행 호텔 객실에 스타일러 있나요?,고객님 일부 프리미엄 객실에는 의류 관리기(스타일러)가 설치되어 있습니다
261,김동철님 부산 출발 항공편 기내 좌석 등급 업그레이드 되나요?,고객님 마일리지 차감이나 추가 비용 지불을 통해 비즈니스석 등으로 업그레이드 가능합니다
262,혹시 이번 여행 현지 식당 물 리필 되나요?,고객님 현지 식당에서는 물이나 차가 무료로 제공되기도 하지만 생수는 유료인 경우가 많습니다
263,11월 6일 강현주님 팀 여행자 보험 항공기 결항 보상되나요?,고객님 기상 악화 등으로 인한 결항 시 숙박비나 교통비 등 추가 비용을 보상받으실 수 있습니다
264,혹시 이번 여행 일정 중에 온천 체험 있나요?,고객님 일정 피로를 풀 수 있는 온천욕이나 스파 체험 코스가 포함되어 있습니다
265,김진명님 10월 26일 출발인데 공항 내 로밍 센터 어디 있나요?,고객님 각 통신사 로밍 센터가 출국장 층에 위치하고 있어 데이터 로밍 신청이 가능합니다
266,혹시 이번 여행 호텔 수영장 이용 시 수경 꼭 써야 하나요?,고객님 수영장 이용 시 수경 착용은 필수가 아니지만 개인 위생을 위해 권장합니다
267,11월 23일 대구 출발 12명 단체인데 버스 내 와이파이 되나요?,고객님 이동 중에도 인터넷 사용이 가능하도록 차량 내 와이파이를 제공해 드립니다
268,혹시 이번 여행 가이드님 팁 안 주면 불이익 있나요?,고객님 팁은 서비스 만족도에 따른 것이라 강제성은 없지만 원활한 진행을 위해 권장됩니다
269,김수경님 일행 중에 젖병 소독기 필요한데 호텔에 있나요?,고객님 유아 동반 고객을 위해 젖병 소독기 대여 서비스가 있는지 호텔에 확인해 드리겠습니다
270,혹시 이번 여행 일정 중에 등산 코스 있나요?,고객님 가벼운 트레킹이나 등산 코스가 포함된 일정이 있으며 편한 신발 준비하시기 바랍니다
271,10월 22일 청주 출발 조철님 항공편 기내 헤드폰 주나요?,고객님 기내 엔터테인먼트 이용을 위한 헤드폰이 제공되거나 개인 이어폰 사용 가능합니다
272,혹시 이번 여행 호텔 객실에 욕실 용품 다 있나요?,고객님 샴푸 린스 바디워시 등 기본적인 욕실 어메니티가 구비되어 있습니다
273,김동철님 부산 출발 항공편 기내 좌석 충전기 있나요?,고객님 좌석 하단이나 전면에 USB 충전 포트가 있어 전자기기 충전이 가능합니다
274,혹시 이번 여행 현지 과일 반입 되나요?,고객님 생과일은 검역 문제로 국내 반입이 금지되어 있으니 현지에서 다 드시고 오셔야 합니다
275,11월 6일 강현주님 팀 여행자 보험 중복 가입 되나요?,고객님 실손 의료비 등 일부 담보는 중복 보상이 안 되므로 가입 전 확인이 필요합니다
276,혹시 이번 여행 일정 중에 전통 시장 갈 수 있나요?,고객님 현지인들의 삶을 엿볼 수 있는 전통 시장 방문 일정이 포함되어 있습니다
277,김진명님 10월 26일 출발인데 공항 내 흡연 구역 많나요?,고객님 공항 내 흡연실은 지정된 장소에만 있어 미리 위치를 확인하시는 것이 좋습니다
278,혹시 이번 여행 호텔 수영장 야간 개장 하나요?,고객님 호텔에 따라 수영장 야간 개장 여부가 다르며 보통 저녁 9~10시까지 운영합니다
279,11월 23일 대구 출발 12명 단체인데 버스 좌석 지정 되나요?,고객님 버스 좌석은 자유석이 원칙이나 노약자 배려석 등 사전 지정 요청 가능합니다
280,혹시 이번 여행 가이드님 팁 달러 잔돈으로 줘도 되나요?,고객님 1달러 지폐 등 잔돈으로 주셔도 무방하며 총액만 맞춰주시면 됩니다
281,김수경님 일행 중에 아기 침대 필요한데 추가 비용 있나요?,고객님 유아용 아기 침대(Crib)는 요청 시 무료로 제공되는 경우가 많습니다
282,혹시 이번 여행 일정 중에 미술관 관람 있나요?,고객님 유명 미술관이나 갤러리 관람 일정을 추가하여 문화 예술을 즐기실 수 있습니다
283,10월 22일 청주 출발 조철님 항공편 기내식 맛없으면 어떡하죠?,고객님 특별 기내식을 사전 신청하시거나 탑승 전 식사하시고 타시는 것을 추천합니다
284,혹시 이번 여행 호텔 객실에 가습기 있나요?,고객님 건조함을 느끼실 경우 프런트에 가습기 대여를 요청하시면 설치해 드립니다
285,김동철님 부산 출발 항공편 기내 수하물 무게 검사 하나요?,고객님 탑승 게이트에서 기내 수하물 무게 및 개수 확인을 무작위로 실시할 수 있습니다
286,혹시 이번 여행 현지 기념품 추천해 주실 수 있나요?,고객님 현지 특산품이나 인기 있는 기념품 리스트를 안내해 드려 쇼핑을 도와드리겠습니다
287,11월 6일 강현주님 팀 여행자 보험 계약 내용 변경 되나요?,고객님 보험 개시 전에는 계약 내용 변경이나 취소가 가능하니 연락 주시기 바랍니다
288,혹시 이번 여행 일정 중에 사원 방문 시 복장 제한 있나요?,고객님 사원 방문 시에는 민소매나 짧은 바지 등 노출이 심한 복장은 피하셔야 합니다
289,김진명님 10월 26일 출발인데 공항 내 편의점 있나요?,고객님 공항 곳곳에 편의점이 있어 필요한 물품을 구매하시거나 간식을 드실 수 있습니다
290,혹시 이번 여행 호텔 수영장 구명조끼 있나요?,고객님 어린이용 구명조끼가 비치되어 있거나 대여 가능하여 안전하게 물놀이할 수 있습니다
291,11월 23일 대구 출발 12명 단체인데 버스 기사님 팁 줘야 하나요?,고객님 버스 기사님 팁은 보통 가이드 팁에 포함되어 있거나 별도로 걷기도 합니다
292,혹시 이번 여행 가이드님 팁 여행사로 보내도 되나요?,고객님 가이드 팁을 여행사 계좌로 입금해 주시면 현지 가이드에게 전달해 드릴 수 있습니다
293,김수경님 일행 중에 분유 포트 필요한데 가져가야 하나요?,고객님 휴대용 분유 포트를 챙겨가시는 것이 좋으며 호텔 커피 포트 사용은 위생상 권장하지 않습니다
294,혹시 이번 여행 일정 중에 동물 먹이 주기 체험 있나요?,고객님 동물원이나 농장에서 동물 먹이 주기 체험을 하실 수 있는 일정이 있습니다
295,10월 22일 청주 출발 조철님 항공편 기내 담요 가져가면 안 되나요?,고객님 기내 담요는 항공사 자산으로 가져가시면 절도죄에 해당할 수 있으니 주의하세요
296,혹시 이번 여행 호텔 객실에 우산 있나요?,고객님 객실 내 장우산이 비치되어 있거나 로비에서 대여 가능하여 비 올 때 사용하실 수 있습니다
297,김동철님 부산 출발 항공편 기내 좌석 모니터 있나요?,고객님 해당 기종에는 개인 모니터가 없을 수 있으니 태블릿이나 휴대폰에 영상을 담아오세요
298,혹시 이번 여행 현지 택시 타도 되나요?,고객님 개별 이동 시 그랩(Grab) 등 호출 앱을 이용하시거나 호텔에서 불러주는 택시를 타는 게 안전합니다
299,11월 6일 강현주님 팀 여행자 보험 가입 증명서 영문으로 되나요?,고객님 영문 가입 증명서 발급이 가능하며 입국 심사 시 필요할 수 있으니 챙기세요
300,혹시 이번 여행 일정 중에 야경 투어 있나요?,고객님 도시의 아름다운 야경을 감상할 수 있는 야경 투어 옵션이 준비되어 있습니다