DATE,USER,MESSAGE
2024-05-10 11:39:17,임재석,"안녕하세요,, 제주,,7월 11일 12일  2회 골프 단체 4팀,,중상급으로 문의드립니다 "
2024-05-10 11:43:11,캐리골프투어,안녕하세요 혹시 보신 상품 있으실까요?
2024-05-10 11:43:56,임재석,"아직 7월 건  없는데,,, 최근 밴드에  블랙스톤, 테디밸리,스카이힐,,팩 봐서  문의드립니다.."
2024-05-10 11:51:42,캐리골프투어,"네 해당상품은  초특가 패키지로 7월건은 기획중인데 
이번달 말정도에 출시 예정입니다."
2024-05-10 11:54:18,임재석,비슷할까요?.. 숙박은  조식포함 1인 1실로 예정입니다.. 기업대표 모임이라.. 저가 숙박시설은 어렵습니다...
2024-05-10 12:31:37,캐리골프투어,네 상급 숙박으로 구성해서 드려볼까요?
2024-05-10 12:43:29,임재석,"네,,감사합니다 "
2024-05-10 12:58:33,캐리골프투어,네 확인후 안내드리겠습니다.
2024-05-11 11:13:41,캐리골프투어,"안녕하세요 
숙소 상급 가견적이 아직 안되서 월요일 중으로 안내드려봐야할것 같습니다."
2024-05-13 11:24:50,캐리골프투어,"*골프장 :
07월11일(목) 블랙스톤cc 12시대 4팀 (16인플) 
07월12일(금) 핀크스gc 08시대 4팀 (16인플) 

——————————
*숙소 :
07월11일(목) 포도호텔 디럭스트윈 16객실 1박 [조식포함] 

——————————
*상품가
- 1인금액 : 1,130,000원 [사전예약]"
2024-05-13 11:25:28,캐리골프투어,안녕하세요 문의주신 견적 제주 최상급으로 구성해드렸습니다. 확인부탁드립니다.
2024-05-13 11:26:07,임재석,"ㅎㅎ,,포도 호텔은 너무 올라갔네요,, 죄송합니다... 골프장 비용만 알수 있을까요?.."
2024-05-13 11:30:30,캐리골프투어,네 디아넥스 급으로 호텔 변경해서 보내드려볼까요? 구장은 590.000원 입니다.
2024-05-13 11:31:33,임재석,"골프 비용이 59만원,,,인거죠?..  제주도는 세금이 따로 있던데  포함인거죠,,  카트 캐디피 만 제외인거고,,,"
2024-05-13 11:33:58,캐리골프투어,네 맞습니다. 그리고 핀크스는 7월 아직 미정 6월에 확정나올예정입니다.
2024-05-13 11:34:22,임재석,"네, 감사합니다.  검토해보겠습니다.."
2024-05-13 11:34:44,캐리골프투어,"*골프장 :
07월11일(목) 블랙스톤cc 12시대 4팀 (16인플) 
07월12일(금) 핀크스gc 08시대 4팀 (16인플) 

---------------------
*숙소 :
07월11일(목) 디아넥스호텔 슈페리어더블 16객실 1박 [조식포함]

---------------------
*상품가
- 1인금액 : 830,000원 [사전예약]"
2024-05-13 11:35:42,캐리골프투어,네네 2안 디아넥스 구성입니다~
2024-05-13 11:37:03,임재석,감사합니다
2024-05-13 11:37:14,캐리골프투어,참고로 처음에 문의주신 블랙스톤 스카이힐 초특가패키지 상품은 5월말경 확정되면 안내가 가능합니다.
2024-05-13 11:37:20,캐리골프투어,네네 감사합니다~
2024-05-13 11:37:24,임재석,네
2024-07-29 13:17:10,캐리골프투어,"안녕하세요. 무엇을 도와드릴까요?
- 이전 페이지: https://www.carrygolftour.com/product/3238163"
2024-07-29 13:17:53,임재석,"8월31일 9월1일,,,토일,  엘리시안,에버리스 부킹만 가능한가요?"
2024-07-29 13:18:54,캐리골프투어,안녕하세요 몇분이실까요?
2024-07-29 13:19:13,임재석,"4명,, 토욜 오전에 제주 도착,,일욜 저녁 출국입니다"
2024-07-29 13:20:10,캐리골프투어,"네 8/31 2부, 
9/1 1부로 확인 드리면 될까요?"
2024-07-29 13:20:15,임재석,넵
2024-07-29 13:20:38,캐리골프투어,네 확인 감사합니다. 견적 확인 후 안내드리겠습니다. 감사합니다^^
2024-07-29 13:25:43,임재석,"구장은,, 추천해주셔도 됩닏다"
2024-07-29 13:27:29,캐리골프투어,네 알겠습니다. 감사합니다^^
2024-07-29 13:42:47,캐리골프투어,"확인된 견적 안내드립니다.

8/31 엘리시안(회원제) 13시전후 
9/1 에버리스 8시대

1인 357,000원"
2024-07-29 13:43:18,임재석,감사합니다..
2024-07-29 13:43:46,임재석,에버리스는  추천할 만한가요?..
2024-07-29 13:58:01,캐리골프투어,"엘리시안이랑 비교하면 많이 떨어집니다.
아니시면 에버리스를 테디밸리로 변경해서 견적 안내드릴까요?"
2024-07-29 13:58:20,임재석,"번거롭게 해드렷네요,,"
2024-07-29 13:58:28,캐리골프투어,"8/31 테디밸리 13시전후
9/1 엘리시안(회) 08시전후

1인 448,000원"
2024-07-29 13:58:33,캐리골프투어,견적안내드립니다^^
2024-07-29 13:58:52,임재석,"넵,, 감사합니다... 동료와 협의후 연락드릴게요"
2024-07-29 13:59:00,캐리골프투어,네 알겠습니다. 감사합니다^^