DATE,USER,MESSAGE
2024-03-11 21:25:04,Aphrodite,사진
2024-03-11 21:25:04,캐리골프투어,채팅 운영시간 안내
2024-03-11 21:25:04,캐리골프투어,지금은 캐리골프투어의 채팅 가능한 시간이 아닙니다. 내용을 남겨주시면 채팅이 가능한 시간에 답변 드리겠습니다.
2024-03-11 21:31:44,캐리골프투어,네 안녕하세요
2024-03-11 21:32:30,캐리골프투어,5/20일 출발 가능하세요
2024-03-11 21:32:42,Aphrodite,"5월 20일..
부부 조인 문의요"
2024-03-11 21:32:42,캐리골프투어,채팅 운영시간 안내
2024-03-11 21:32:42,캐리골프투어,지금은 캐리골프투어의 채팅 가능한 시간이 아닙니다. 내용을 남겨주시면 채팅이 가능한 시간에 답변 드리겠습니다.
2024-03-11 21:38:48,캐리골프투어,네 부부 조인 가능합니다.
2024-03-11 21:40:27,캐리골프투어,"1인 405.000원 
부부조인 접수 가능하세요"
2024-03-11 21:41:08,Aphrodite,"낼 오전에 다시
연락주세요"
2024-03-11 21:41:08,캐리골프투어,채팅 운영시간 안내
2024-03-11 21:41:08,캐리골프투어,지금은 캐리골프투어의 채팅 가능한 시간이 아닙니다. 내용을 남겨주시면 채팅이 가능한 시간에 답변 드리겠습니다.
2024-03-11 21:44:14,캐리골프투어,네 알겠습니다.
2024-03-12 09:35:05,캐리골프투어,안녕하세요
2024-03-12 18:05:33,Aphrodite,20일 하고싶네요
2024-03-12 18:05:33,캐리골프투어,채팅 운영시간 안내
2024-03-12 18:05:33,캐리골프투어,지금은 캐리골프투어의 채팅 가능한 시간이 아닙니다. 내용을 남겨주시면 채팅이 가능한 시간에 답변 드리겠습니다.
2024-03-12 18:05:59,Aphrodite,"오늘 바뻐서 낼 통화하시게요
010~4772~0360"
2024-03-12 18:05:59,캐리골프투어,채팅 운영시간 안내
2024-03-12 18:05:59,캐리골프투어,지금은 캐리골프투어의 채팅 가능한 시간이 아닙니다. 내용을 남겨주시면 채팅이 가능한 시간에 답변 드리겠습니다.
2024-03-12 18:45:14,캐리골프투어,네 알겠습니다.
2024-03-13 10:51:17,Aphrodite,전화주세요
2024-03-13 10:56:15,캐리골프투어,"계좌 안내입니다. >>>>>>>>


국민 680401-00-036929- 캐리골프투어

예약금은 20만원입니다.


입금자명과 아래 양식으로 명단 부탁드립니다. 

(대표자 연락처/동반자 생년월일/성별 ) 

ex) 대표자 홍길동 19701010 남                     
       연락처 010 .0000.0000

      동반자  홍길동19711010 여"
2024-03-13 10:58:31,캐리골프투어,사진
2024-03-13 10:59:47,캐리골프투어,"홈페이지 
https://www.carrygolftour.com/"
2024-03-13 10:59:50,Aphrodite,"방진희 ㅡ01047720360
동반자 오명주 "
2024-03-13 11:00:15,Aphrodite,주민번호는 필요없지않나요?
2024-03-13 11:01:04,캐리골프투어,네 확인했습니다.   생년월일은 필요없습니다. 항공은 따로 발권하실 예정이실까요?
2024-03-13 11:01:29,Aphrodite,네..항공은 저희가 할께요
2024-03-13 11:01:55,캐리골프투어,네 알겠습니다.
2024-03-13 20:30:40,캐리골프투어,"혹시 입금 예정이실까요? 
다른 분께서 문의주셔서 입금예정이라  확인 부탁드립니다."
2024-03-13 20:31:05,Aphrodite,잠깐만요 
2024-03-13 20:31:05,캐리골프투어,채팅 운영시간 안내
2024-03-13 20:31:05,캐리골프투어,지금은 캐리골프투어의 채팅 가능한 시간이 아닙니다. 내용을 남겨주시면 채팅이 가능한 시간에 답변 드리겠습니다.
2024-03-13 20:32:10,Aphrodite,"방금 입금했습니다 
방진희로~"
2024-03-13 20:32:10,캐리골프투어,채팅 운영시간 안내
2024-03-13 20:32:10,캐리골프투어,지금은 캐리골프투어의 채팅 가능한 시간이 아닙니다. 내용을 남겨주시면 채팅이 가능한 시간에 답변 드리겠습니다.
2024-03-13 20:34:27,캐리골프투어,"네 확인했습니다.
명단 부탁드립니다. 
(성함 /  연락처 / 성별)"
2024-03-13 20:35:04,Aphrodite,"방진희 여 010~4772~0360
오명주 남"
2024-03-13 20:35:04,캐리골프투어,채팅 운영시간 안내
2024-03-13 20:35:04,캐리골프투어,지금은 캐리골프투어의 채팅 가능한 시간이 아닙니다. 내용을 남겨주시면 채팅이 가능한 시간에 답변 드리겠습니다.
2024-03-13 20:44:43,캐리골프투어,"네네 확인 감사합니다.
접수진행후 확정서 보내드릴 예정입니다."
2024-03-13 20:49:23,캐리골프투어,다른 고객께서 먼저 입금 하셨는데 대기로 걸고 상담은 먼저하셨어서 방진희님 먼저 조인완료해드렸습니다. ~
2024-03-15 09:13:47,캐리골프투어,사진
2024-03-15 09:13:50,캐리골프투어,"안녕하세요 고객님 확정서 보내드립니다. 

확인하시고 아래 계좌로 잔금(610.000원) 송금 확인후 
입금자명 부탁드립니다. 
감사합니다. 



계좌안내 >>>>
국민 680401-00-036929- 캐리골프투어



-제주골프 예약 확정-
성함 : 방진희 010~4772~0360
인원 : 2명
일정 : 5/20~5/21 (1박2일)
골프장 : 스카이힐+블랙스톤
숙소 : 블랙스톤호텔(2인1실) 또는 동급 (1박2일)
렌트카 : 소나타 또는 K5 차량
판매가 : 81만원

명단 :
여:  방진희
남: 오명주

골프장 입장시 조인자 성함(박종민)으로 입장 하시면 됩니다. 
렌터카와 호텔은 방진희 고객님 성함으로 예약되어 있습니다. 

렌터카 : 5번 출구 건너편 렌터카 셔틀 3구역 7번 앞에서 오케이렌트카 셔틀 탑승하세요 (오케이렌트카 : 064 743 4000)"
2024-03-15 09:15:38,Aphrodite,잔금은 언제까지 입금해야되나요?
2024-03-15 09:16:07,캐리골프투어,네 금일중 입금확인 부탁드립니다.
2024-03-15 09:17:02,Aphrodite,"아직 두달전인데
벌써 입금하나요?"
2024-03-15 09:19:49,캐리골프투어,네네 통상 예약 확정하고 나면 잔금 입금 받아서 단체 마감처리를 하고 있습니다. 저희도 현금주고 예약 한 건들이라  잔금 받아서 마감을 하고 있습니다.양해부탁드립니다.
2024-03-15 09:23:03,캐리골프투어,기간이 필요하시면 고객님건은 별도로 체크를 해두겠습니다. 다음주 중 잔금완납 처리하는건으로 해드리면 괜찮으실까요?
2024-03-15 09:24:34,Aphrodite,전화좀 주실래요?
2024-03-15 09:42:06,캐리골프투어,캐리골프투어사업자등록증2024여행업.pdf
2024-03-15 09:42:06,캐리골프투어,인허가보증보험증권_캐리골프투어.pdf
2024-03-15 09:42:16,캐리골프투어,캐리골프투어-등록증(앞면).pdf
2024-03-15 09:42:16,캐리골프투어,캐리골프투어-등록증(뒷면).pdf
2024-03-15 09:46:35,캐리골프투어,사진
2024-03-15 09:47:25,캐리골프투어,고객님 참고되시라고 보내드립니다. 통장개설일 2015년도 확인되실겁니다.
2024-03-15 10:18:26,Aphrodite,네
2024-03-29 18:00:30,캐리골프투어,방진희님  조인자 박종민 010.4506.0192
2024-03-29 18:00:44,캐리골프투어,안녕하세요 조인자 정보 안내드립니다.
2024-04-09 13:11:50,캐리골프투어,안녕하세요 조인자(박종민)님 께서 사정이 있으셔서 일정 취소를 하셔서 다시 조인대기상태로 변경되셨습니다. 추후 조인상황 안내드리도록 하겠습니다.
2024-04-09 13:25:09,Aphrodite,확정된거 아닌가요?
2024-04-09 13:25:21,Aphrodite,"만약 조인이 안되면
어쩌나요?"
2024-04-09 13:26:40,캐리골프투어,네 조인 안되시면 환불 진행드립니다
2024-04-09 13:27:23,Aphrodite,"그게 아니라
그일정을 빼놨는데
그러면 어떡하나요?"
2024-04-09 13:28:34,Aphrodite,따로 다른곳 알아봐야되는지
2024-04-09 13:30:16,캐리골프투어,네 최대한 노력해보겠지만 확정 드리기는 어렵습니다.
2024-04-09 13:36:24,캐리골프투어,우선 확인해보고 말씀드리겠습니다.
2024-04-09 15:29:39,Aphrodite,"안될꺼 같으면
미리 말씀해주세요
저희도 다른곳 부킹하고
알아봐야되니깐요"
2024-04-09 15:40:20,캐리골프투어,네네 알겠습니다. 금주 수요일쯤 까지  최대한 진행해보고 말씀드려도 괜찮으실까요?
2024-04-09 15:41:05,Aphrodite,네
2024-04-09 15:41:31,캐리골프투어,네네 확인 감사합니다. 확인후 안내드리겠습니다.
2024-04-11 17:05:55,캐리골프투어,"안녕하세요 고객님  
환불드려야 할것같습니다.
계좌 남겨주시면 환불 진행드리겠습니다."
2024-04-11 17:06:29,Aphrodite,"국민은행 786501ㅡ01ㅡ021808 
방진희 "
2024-04-11 17:15:14,캐리골프투어,저희 거래처에서 시간이 남았으니 조인 100% 책임지고 진행 해드릴 수 있다고 하는데 대기후에 조인 진행해드릴까요?
2024-04-11 17:16:33,Aphrodite,"엥.환불해주신다더니
갑자기 또 왜?ㅎ"
2024-04-11 17:17:10,Aphrodite,100프로 해주신다고요?
2024-04-11 17:17:25,캐리골프투어,네 거래처에서 전화가 와서 책임지고 조인 해줄테니  홀딩하라고 하시네요
2024-04-11 17:18:43,Aphrodite,나중에 딴 말씀 하지 마세요 ~~
2024-04-11 17:19:25,Aphrodite,괜히 믿고있다가 제주도에서 공 못치면 안되니깐요
2024-04-11 18:29:03,캐리골프투어,네네 100% 조인 보장으로 진행드리겠습니다 .
2024-04-11 18:32:00,캐리골프투어,채팅 운영시간 안내
2024-04-11 18:32:00,캐리골프투어,지금은 캐리골프투어의 채팅 가능한 시간이 아닙니다. 내용을 남겨주시면 채팅이 가능한 시간에 답변 드리겠습니다.
2024-04-11 18:32:00,Aphrodite,네.
2024-04-12 09:26:37,캐리골프투어,"안녕하세요 조인되셨습니다. 
정리되면 보내드리겠습니다."
2024-04-12 10:42:47,Aphrodite,네.감사합니다
2024-04-12 10:43:35,캐리골프투어,네 기다려주셔서 감사합니다 좋은하루되세요^^
2024-04-12 16:43:22,캐리골프투어,사진
2024-04-12 16:44:01,캐리골프투어,안녕하세요 확정서(조인자 이재덕님) 입니다.
2024-04-12 19:11:49,Aphrodite,네
2024-04-12 19:11:49,캐리골프투어,채팅 운영시간 안내
2024-04-12 19:11:49,캐리골프투어,지금은 캐리골프투어의 채팅 가능한 시간이 아닙니다. 내용을 남겨주시면 채팅이 가능한 시간에 답변 드리겠습니다.
2024-05-07 09:33:30,Aphrodite,"안녕하세요
조인 확정된거 맞죠?~"
2024-05-07 10:10:39,캐리골프투어,"네 안녕하세요 
이재덕님과 조인 확정입니다."
2024-05-07 10:24:15,Aphrodite,잔금은 언제 입금하나요?
2024-05-07 10:33:57,Aphrodite,전화좀 주세요~^^
2024-05-07 10:34:48,캐리골프투어,잔금 입금일은 6/10(월) 입니다.
2024-05-07 10:35:29,캐리골프투어,오타가 있었습니다 죄송합니다 5/10(금)입니다.
2024-05-09 10:20:39,Aphrodite,"안녕하세요 
전화 좀 주세요~~"
2024-05-09 10:31:50,캐리골프투어,"안녕하세요 고객님 확정안내 보내드립니다. 

확인하시고 아래 계좌로 잔금(610.000원) 송금 확인후 
입금자명 부탁드립니다. 
감사합니다. 



계좌안내 >>>>
국민 680401-00-036929- 캐리골프투어



-제주골프 예약 확정-
성함 : 방진희 010~4772~0360
인원 : 2명
일정 : 5/20~5/21 (1박2일)
골프장 : 스카이힐+블랙스톤
숙소 : 블랙스톤호텔(2인1실) 또는 동급 (1박2일)
렌트카 : K5 차량
판매가 : 81만원

명단 :
여:  방진희
남:  오명주

골프장 입장시 조인자 성함(이재덕)으로 입장 하시면 됩니다. 
렌터카와 호텔은 방진희 고객님 성함으로 예약되어 있습니다. 

렌터카 : 5번 출구 건너편 렌터카 셔틀 3구역 7번 앞에서 오케이렌트카 셔틀 탑승하세요 (오케이렌트카 : 064 743 4000)"
2024-05-09 10:33:35,Aphrodite,입금했습니다 
2024-05-09 10:33:41,Aphrodite,확인해주세요 ~
2024-05-09 10:35:03,캐리골프투어,"네 방진희님 잔금 610.000원 완납 확인했습니다.
감사합니다.~"
2024-05-16 15:12:31,Aphrodite,"안녕하세요 
20일,,롯데 스카이힐 란딩후.
블랙스톤 골프텔로
가면 되나요?
예약자는 저,,도 돼있나요?"
2024-05-16 15:13:29,캐리골프투어,네 안녕하세요 잠시만요
2024-05-16 15:16:46,캐리골프투어,네 블래스톤 호텔로 이동하시고 방진희님 성함으로  체크인하시면 되세요
2024-05-16 15:17:38,Aphrodite,"블랙스톤 골프장에 있는
골프텔 맞죠?^^"
2024-05-16 15:18:19,캐리골프투어,네네 맞습니다.~
2024-05-16 15:18:34,Aphrodite,감사합니다 ~
2024-05-16 15:33:35,캐리골프투어,네네 감사합니다 ~
2024-05-17 12:56:20,캐리골프투어,사진
2024-05-17 12:56:34,캐리골프투어,안녕하세요 20일 행사 확정서 확인차 올려드립니다.
2024-05-17 15:38:58,Aphrodite,네.감사합니다 
2024-05-17 16:12:52,캐리골프투어,네네 감사합니다 ~
2024-05-20 10:46:32,Aphrodite,"안녕하세요
오늘하고 내일 모두
같은분하고. 조인해서
운동하나요?"
2024-05-20 10:47:46,캐리골프투어,안녕하세요 양일 동일한 분과 라운딩 일정입니다.
2024-05-20 10:48:10,Aphrodite,네.알겠습니다 ~
2024-05-20 10:48:21,캐리골프투어,네네 감사합니다 ~
2024-09-18 19:06:31,캐리골프투어,"안녕하세요. 무엇을 도와드릴까요?
- 이전 페이지: https://www.carrygolftour.com/product/3618499"
2024-09-20 08:44:51,Aphrodite,사진
2024-09-20 08:44:51,캐리골프투어,채팅 운영시간 안내
2024-09-20 08:44:51,캐리골프투어,지금은 캐리골프투어의 채팅 가능한 시간이 아닙니다. 내용을 남겨주시면 채팅이 가능한 시간에 답변 드리겠습니다.
2024-09-20 08:45:20,Aphrodite,"안녕하세요 
10월9일 2인 3박4일 문의드립니다"
2024-09-20 08:45:20,캐리골프투어,채팅 운영시간 안내
2024-09-20 08:45:20,캐리골프투어,지금은 캐리골프투어의 채팅 가능한 시간이 아닙니다. 내용을 남겨주시면 채팅이 가능한 시간에 답변 드리겠습니다.
2024-09-20 08:49:18,캐리골프투어,안녕하세요. 출발 공항이 어디실까요?
2024-09-20 08:49:49,Aphrodite,청주요
2024-09-20 08:49:49,캐리골프투어,채팅 운영시간 안내
2024-09-20 08:49:49,캐리골프투어,지금은 캐리골프투어의 채팅 가능한 시간이 아닙니다. 내용을 남겨주시면 채팅이 가능한 시간에 답변 드리겠습니다.
2024-09-20 08:57:45,캐리골프투어,네 확인 감사합니다. 견적 확인 후 안내드리도록 하겠습니다^^
2024-09-20 09:37:43,캐리골프투어,"문의 주신 상품이 5가지 중 선택하시는 상품입니다.
어떤 상품 원하실까요?"
2024-09-20 09:37:57,캐리골프투어,"[상품1]
⛳️몽고메리 골프텔 2색골프 - 799,000원~
⛳️골프장 : ⛳️몽고메리18H 2회 ⛳️외부 1회 (지정불가)18H
🏫호텔 : 몽고메리 골프텔 (2인1실) - 3박
[싱글룸차지 5만원]

[상품2]
⛳️실속 씨가든호텔 3색골프 - 859,000원~
⛳️골프장 : 다낭 / 몽고메리/ 바나힐 / 호이아나 / 빈펄 中 매일 18H
🏫호텔 : 시내 씨가든 호텔 (2인1실) - 3박
[싱글룸차지 4만원]

[상품3]
⛳️특급4성 미케비치호텔 3색골프 - 899,000원~
⛳️골프장 : 다낭 / 몽고메리/ 바나힐 / 호이아나 / 빈펄 中 매일 18H
🏫호텔 : 하이안비치 또는 스텔마리스 또는 동 (2인1실) - 3박
[싱글룸차지 4만원]

[상품4]
⛳️5성 뉴월드 호텔 2색골프 - 959,000원~
⛳️골프장 : 호이아나 18H 2회 ⛳️외부 1회 (지정불가)18H
🏫호텔 : 뉴월드 호텔 슈페리어룸 (2인1실) - 3박
[싱글룸차지 6만원]

[상품5]
⛳️4인이상 풀빌라 3색골프 - 1,099,000원~
⛳️골프장 : 다낭 / 몽고메리/ 바나힐 / 호이아나 / 빈펄 中 매일 18H
🏫호텔 : 단독 독채 풀빌라 (1인1실) - 3박"
2024-09-20 10:03:53,Aphrodite,상품2요
2024-09-20 10:04:10,캐리골프투어,네 확인 감사합니다^^
2024-09-20 11:22:16,캐리골프투어,"[상품 2]
*상품구성 :
■항공 :
10/16(수) 청주다낭 21:00  TW0181 
10/20(일) 다낭청주 00:50  TW0182 

■10/16(수) 시내 씨가든 호텔 (2인1실) - 3박
■10/17(목) 다낭 / 몽고메리/ 바나힐 / 호이아나 / 빈펄 中 매일 18H
■10/18(금) 다낭 / 몽고메리/ 바나힐 / 호이아나 / 빈펄 中 매일 18H
■10/19(토) 다낭 / 몽고메리/ 바나힐 / 호이아나 / 빈펄 中 매일 18H


포함 : 
- 호텔(2인 1실)
- 조식
- 54홀 그린피
- 항공권 및 제세금
- 여행자 보험

불포함 : 
- 중식, 석식
- 미팅/샌딩비 : $100/인(2인 7인승)
- 캐디팁(18홀기준 $15/1인)
- 캐디피+카트피(18홀기준 $50/1인)

1인 견적가: 799,000원

예약금 입금안내 >>>>>>>>>>>>>>>


①예약금
- 600,000원 (1인 300,000원)

- 예약금 결제일 : ~09월20일
* 입출금 내역이 많아 송금후 연락 부탁드립니다.

- 잔 금 결제일 : ~예약완료후 확정서 발송일
②잔 금 :
- 998,000원
* 입출금 내역이 많아 송금후 연락부탁드립니다.

③총 액 :
① + ② = 1,598,000원

입금계좌 :
680401-00-036929 국민은행 캐리골프투어"
2024-09-20 11:22:21,캐리골프투어,견적 안내드립니다^^
2024-09-20 11:24:20,Aphrodite,저기요
2024-09-20 11:24:34,Aphrodite,저희는 10월9일부터인데요
2024-09-20 11:24:43,Aphrodite,날짜가 잘못된듯요
2024-09-20 11:24:53,캐리골프투어,죄송합니다. 재 확인 후 안내드리도록 하겠습니다.
2024-09-20 11:25:07,Aphrodite,위에 9일이라고 써드렸는데요
2024-09-20 11:26:24,캐리골프투어,"[상품 2]
*상품구성 :
■항공 :
10/09(수) 청주다낭 21:00  TW0181 
10/13(일) 다낭청주 00:50  TW0182 

■10/09(수) 시내 씨가든 호텔 (2인1실) - 3박
■10/10(목) 다낭 / 몽고메리/ 바나힐 / 호이아나 / 빈펄 中 매일 18H
■10/11(금) 다낭 / 몽고메리/ 바나힐 / 호이아나 / 빈펄 中 매일 18H
■10/12(토) 다낭 / 몽고메리/ 바나힐 / 호이아나 / 빈펄 中 매일 18H


포함 : 
- 호텔(2인 1실)
- 조식
- 54홀 그린피
- 항공권 및 제세금
- 여행자 보험

불포함 : 
- 중식, 석식
- 미팅/샌딩비 : $100/인(2인 7인승)
- 캐디팁(18홀기준 $15/1인)
- 캐디피+카트피(18홀기준 $50/1인)

1인 견적가: 799,000원

예약금 입금안내 >>>>>>>>>>>>>>>


①예약금
- 600,000원 (1인 300,000원)

- 예약금 결제일 : ~09월20일
* 입출금 내역이 많아 송금후 연락 부탁드립니다.

- 잔 금 결제일 : ~예약완료후 확정서 발송일
②잔 금 :
- 998,000원
* 입출금 내역이 많아 송금후 연락부탁드립니다.

③총 액 :
① + ② = 1,598,000원

입금계좌 :
680401-00-036929 국민은행 캐리골프투어"
2024-09-20 11:27:06,캐리골프투어,"불편을 드려 죄송합니다, 견적 안내드립니다. 가격은 같습니다."
2024-09-20 11:27:57,캐리골프투어,항공은 실시간 기준이라서 해당 항공편이 마감되면 항공료가 인상 될 수도 있는 점과 조인은 선택 불가이신 점 참고 부탁드립니다.
2024-09-20 11:30:55,Aphrodite,달러인가요?
2024-09-20 11:32:16,Aphrodite,샌딩비가 1인13만원정도?
2024-09-20 11:32:45,캐리골프투어,네 맞습니다.
2024-09-20 11:32:54,캐리골프투어,불포함 사항 부분만 달러 기준 입니다.
2024-09-20 11:33:37,Aphrodite,그럼두명 샌딩비가 26만원이라구요?
2024-09-20 11:34:53,캐리골프투어,네 맞습니다.
2024-09-20 11:36:11,Aphrodite,생각좀 해볼께요 ~
2024-09-20 11:36:57,캐리골프투어,네 알겠습니다. 궁금하신 부분 있으시면 언제든 편하게 문의 주세요.  감사합니다^^
2024-09-20 12:05:55,Aphrodite,3일동일 다 다른곳 라운딩하는거죠?
2024-09-20 12:06:16,Aphrodite,"둘이만 치나요
아님 조인해서 치나요?"
2024-09-20 12:32:34,캐리골프투어,"네 맞습니다. 모두 다른 구장 라운딩입니다. 구장상황에 따라 변경 될 수 있는 점 참고 부탁드립니다. 
조인은 저희가 진행하는게 아니고 구장 측에서 진행하는 내용이라서 조인이 되실 수도 있고 안되실 수도 있으십니다. 
만약 조인이 안되실 경우 추가요금은 없으십니다."
2024-09-20 12:47:42,Aphrodite,네.잘 알겠습니다 ~
2024-09-20 13:05:43,Aphrodite,호텔은 어디인가요?
2024-09-20 13:07:20,Aphrodite,"혹시..라운딩시간은
2부로 할수 있나요,?"
2024-09-20 13:08:45,캐리골프투어,"호텔은 시내 씨가든 호텔입니다.
예약 주시면 저희가 골프장 측에 남은 티를 확인해서 말씀 드리고 있습니다. 만약 2부티가 남아 있으면 2부로 가능하십니다."
2024-09-20 13:09:19,Aphrodite,예약할께요
2024-09-20 13:09:56,캐리골프투어,네 예약금 입금 주시면 예약 진행 드리도록 하겠습니다^^
2024-09-20 13:10:16,캐리골프투어,티업 시간은 확인 후 안내드리겠습니다^^
2024-09-20 13:10:27,Aphrodite,"따로 추가금없죠?
위에 나온거빼고"
2024-09-20 13:10:53,Aphrodite,"너무 빠르거나 늦은
티업은 안되는데요
"
2024-09-20 13:11:52,Aphrodite,"혹시..티업있는지
확인해볼수 없나요?
6시대 이런티는 못쳐요ㅜㅜ"
2024-09-20 13:12:24,캐리골프투어,"네 따로 추가금은 없습니다. 
티업시간 확인 후 안내드리도록 하겠습니다^^"
2024-09-20 13:18:33,Aphrodite,"티업 확인후 예약금
입금할께요"
2024-09-20 13:19:07,캐리골프투어,네 알겠습니다. 확인되는 대로 안내드리도록 하겠습니다^^
2024-09-20 13:47:25,캐리골프투어,"확인 결과 씨가든 호텔이 노후 되었다는 피드백이 있어서 CN 팰리스호텔로 변경 드려도 괜찮으실까요?
견적은 동일합니다."
2024-09-20 13:47:51,캐리골프투어,"티업시간 안내드립니다.
10/10 몽고 11:27
10/11 빈펄 11:32
10/12 바나 11:51"
2024-09-20 13:56:28,Aphrodite,네
2024-09-20 13:58:05,캐리골프투어,"네 확인 감사합니다^^
호텔 변경 견적 안내드립니다."
2024-09-20 13:58:48,캐리골프투어,"[상품 2]
*상품구성 :
■항공 :
10/09(수) 청주다낭 21:00 TW0181
10/13(일) 다낭청주 00:50 TW0182

■10/09(수) CN Place hotel  (2인1실) - 3박
■10/10(목) 다낭 / 몽고메리/ 바나힐 / 호이아나 / 빈펄 中 매일 18H
■10/11(금) 다낭 / 몽고메리/ 바나힐 / 호이아나 / 빈펄 中 매일 18H
■10/12(토) 다낭 / 몽고메리/ 바나힐 / 호이아나 / 빈펄 中 매일 18H


포함 :
- 호텔(2인 1실)
- 조식
- 54홀 그린피
- 항공권 및 제세금
- 여행자 보험

불포함 :
- 중식, 석식
- 미팅/샌딩비 : $100/인(2인 7인승)
- 캐디팁(18홀기준 $15/1인)
- 캐디피+카트피(18홀기준 $50/1인)

1인 견적가: 799,000원

예약금 입금안내 >>>>>>>>>>>>>>>


①예약금
- 600,000원 (1인 300,000원)

- 예약금 결제일 : ~09월20일
* 입출금 내역이 많아 송금후 연락 부탁드립니다.

- 잔 금 결제일 : ~예약완료후 확정서 발송일
②잔 금 :
- 998,000원
* 입출금 내역이 많아 송금후 연락부탁드립니다.

③총 액 :
① + ② = 1,598,000원

입금계좌 :
680401-00-036929 국민은행 캐리골프투어"
2024-09-20 14:10:47,Aphrodite,바꿘호텔 깨끗하고 괜찮은곳이죠?
2024-09-20 14:15:26,캐리골프투어,네 피드백 괜찮습니다^^
2024-09-20 14:47:03,Aphrodite,"여권이 2개월이 남아서
재신청을 했어요
30일 넘어서 나오는데
괜찮나요?"
2024-09-20 14:49:02,Aphrodite,사진
2024-09-20 14:50:56,캐리골프투어,"네 괜찮으실 것 같습니다. 
다만 항공은 실시간 기준이라서 해당 항공편이 마감되면 항공료가 인상 될 수도 있어 여권 재발급이 되신 날 견적을 재확인 해봐야 할 것 같습니다."
2024-09-20 14:51:36,Aphrodite,사진
2024-09-20 14:51:58,Aphrodite,지금..예약금 입금할까하는데요
2024-09-20 14:52:08,Aphrodite,지금 못하나요?
2024-09-20 14:52:46,Aphrodite,지금 있는걸로 예약하면되지않나요?
2024-09-20 14:53:19,Aphrodite,4772~0360
2024-09-20 14:53:28,Aphrodite,"전화좀 주실래요,?"
2024-09-20 14:57:38,캐리골프투어,네 확인 후 연락드려도 될까요?
2024-09-20 14:58:07,Aphrodite,ㅇㅇ
2024-09-20 15:56:05,Aphrodite,"아직도 확인 안됐나요,?"
2024-09-20 16:02:45,캐리골프투어,지금 확인 되었습니다. 연락 드리도록 하겠습니다^^
2024-09-20 16:27:37,캐리골프투어,"확인 결과 구여권과 신여권 모두 영문 이름이 같다면 바로 항공 발권 가능하십니다. 
여권 번호와 만료일은 출발 전에만 주시면 되십니다^^"
2024-09-20 16:28:21,캐리골프투어,예약금 입금 주시면 예약 진행 드리도록 하겠습니다^^
2024-09-20 16:28:57,Aphrodite,네
2024-09-20 16:30:43,Aphrodite,방진희 로 입금했습니다 
2024-09-20 16:40:33,캐리골프투어,"네 600,000원 입금 확인 하였습니다.
예약 진행 후 안내드리도록 하겠습니다. 감사합니다^^"
2024-09-20 16:44:45,캐리골프투어,대표자 연락처는 010-4772~0360 번으로 예약하면 될까요?
2024-09-20 16:45:19,Aphrodite,네
2024-09-20 16:45:42,캐리골프투어,네 확인 감사합니다^^
2024-09-21 09:42:04,Aphrodite,일정표 좀 제대로 된거 보내주세요
2024-09-21 12:00:54,캐리골프투어,안녕하세요 정리 후 안내드리도록 하겠습니다^^
2024-09-21 12:06:07,캐리골프투어,"항공 예매 확인증과 여행자보험 확인증 안내드립니다.
항공 예매 확인증은 출력하신 후 일정 내 소지하고 계시면 되십니다."
2024-09-21 12:06:16,캐리골프투어,방진희님_항공발권.pdf
2024-09-21 12:06:19,캐리골프투어,최민혁님_항공발권.pdf
2024-09-21 12:06:25,캐리골프투어,방진희님 팀_여행자 보험 가입 증명서.pdf
2024-09-21 12:21:18,캐리골프투어,사진
2024-09-21 12:21:21,캐리골프투어,사진
2024-09-21 12:21:28,캐리골프투어,일정표 안내드립니다^^
2024-09-21 12:22:23,캐리골프투어,첫날 오시기 전 저희 현지 직원분께서 연락 드리는 점 참고 부탁드립니다^^
2024-09-21 12:22:46,Aphrodite,"저기 혹시요
베드 2개죠?침대요"
2024-09-21 12:23:16,캐리골프투어,네 맞습니다. 침대 두개입니다^^
2024-09-21 12:24:22,Aphrodite,그리고 돈은 달러인가요?
2024-09-21 12:24:34,Aphrodite,아님..동으로 환전해야되나요?
2024-09-21 12:30:27,캐리골프투어,"첫날 기사분께 불포함 사항 부분인 500달러에 대한 부분만 달러로 환전해 가시면 되시고, 캐디 팁. 식당. 맛사지. 가게등에 사용하실 돈은 동으로 환전해 가시는게 좋으십니다^^"
2024-09-21 12:34:39,Aphrodite,500달러?
2024-09-21 12:34:45,Aphrodite,그게뭐에요?
2024-09-21 12:35:28,캐리골프투어,일정표에 보시면 불포함 사항에 안내되어있습니다^^
2024-09-21 12:36:10,Aphrodite,"[상품 2]
*상품구성 :
■항공 :
10/09(수) 청주다낭 21:00 TW0181
10/13(일) 다낭청주 00:50 TW0182

■10/09(수) CN Place hotel  (2인1실) - 3박
■10/10(목) 다낭 / 몽고메리/ 바나힐 / 호이아나 / 빈펄 中 매일 18H
■10/11(금) 다낭 / 몽고메리/ 바나힐 / 호이아나 / 빈펄 中 매일 18H
■10/12(토) 다낭 / 몽고메리/ 바나힐 / 호이아나 / 빈펄 中 매일 18H


포함 :
- 호텔(2인 1실)
- 조식
- 54홀 그린피
- 항공권 및 제세금
- 여행자 보험

불포함 :
- 중식, 석식
- 미팅/샌딩비 : $100/인(2인 7인승)
- 캐디팁(18홀기준 $15/1인)
- 캐디피+카트피(18홀기준 $50/1인)"
2024-09-21 12:36:20,Aphrodite,어디?
2024-09-21 12:36:21,캐리골프투어,"견적서에도 안내드렸었습니다^^
불포함 :
- 중식, 석식
- 미팅/샌딩비 : $100/인(2인 7인승)
- 캐디팁(18홀기준 $15/1인)
- 캐디피+카트피(18홀기준 $50/1인)"
2024-09-21 12:36:40,Aphrodite,100달러?
2024-09-21 12:37:19,Aphrodite,"500달러가,,어디에?"
2024-09-21 12:38:38,Aphrodite,"미팅.샌딩비 말고
기사는 말없었는데요"
2024-09-21 12:39:39,캐리골프투어,"네 인당 100달러이시고, (100 X 2 = 200)
캐디피 + 카트비 (18홀 기준 50달러)
50달러 X 골프 3회 = 150달러 (150달러 X 2 = 300)
200 + 300 = 500달러

이 부분에 대한 내용을 기사님께 드리면 기사분께서 미팅, 샌딩비를 골프장 측에 드립니다^^"
2024-09-21 12:40:02,Aphrodite,다 합쳐서요?
2024-09-21 12:40:06,캐리골프투어,기사분께서 알아서 처리해주실겁니다^^
2024-09-21 12:40:09,캐리골프투어,네 맞습니다^^
2024-09-21 12:40:15,Aphrodite,아네~
2024-09-21 12:40:23,캐리골프투어,네 감사합니다^^
2024-09-21 12:40:49,Aphrodite,그럼 모두 달러인가요?
2024-09-21 12:41:09,Aphrodite,동은 필요없다는 말씀이죠?
2024-09-21 12:42:01,캐리골프투어,"네 첫날 기사분께 드리는 500달러는 달러로 환전해오시면 되십니다^^
현지에서 음식점, 맛사지, 가게 등에서 사용하실 돈은 동으로 환전해가시는게 좋으십니다^^"
2024-09-21 12:42:17,Aphrodite,네.알겠습니다
2024-09-21 12:42:33,캐리골프투어,네 편안한 주말 보내세요. 감사합니다^^
2024-09-21 12:45:41,Aphrodite,"자꾸 죄송한데
캐디비를 직접 안주고
한꺼번에 기사님한테 줘요?"
2024-09-21 12:46:41,캐리골프투어,네 맞습니다. 기사분께서 알아서 해주십니다^^
2024-09-21 12:47:07,Aphrodite,네~
2024-09-21 12:47:54,캐리골프투어,네 감사합니다^^
2024-09-23 09:40:01,캐리골프투어,안녕하세요. 잔금 입금 부탁드립니다^^
2024-09-23 09:40:27,캐리골프투어,"- 잔 금 결제일 : ~9월 24일
②잔 금 :
- 998,000원
* 입출금 내역이 많아 송금후 연락부탁드립니다.

③총 액 :
① + ② = 1,598,000원

입금계좌 :
680401-00-036929 국민은행 캐리골프투어"
2024-09-25 12:27:48,캐리골프투어,안녕하세요. 잔금 입금 부탁드립니다^^
2024-09-25 16:19:28,캐리골프투어,금일 중으로 잔금 입금 부탁드립니다^^
2024-09-25 16:40:09,Aphrodite,입금했습니다 
2024-09-25 16:43:07,캐리골프투어,"네 998,000원 입금 확인 하였습니다. 감사합니다 ^^"
2024-09-25 16:43:53,Aphrodite,저기요
2024-09-25 16:44:03,Aphrodite,"조인이 됐나요,?"
2024-09-25 16:46:12,캐리골프투어,확인 후 안내드리도록 하겠습니다^^
2024-09-25 17:10:53,캐리골프투어,확인 결과 조인 되셨습니다^^
2024-09-25 20:03:34,Aphrodite,사진
2024-09-25 20:03:34,캐리골프투어,채팅 운영시간 안내
2024-09-25 20:03:34,캐리골프투어,지금은 캐리골프투어의 채팅 가능한 시간이 아닙니다. 내용을 남겨주시면 채팅이 가능한 시간에 답변 드리겠습니다.
2024-09-26 09:54:27,캐리골프투어,안녕하세요. 여권 확인 하였습니다. 감사합니다^^
2024-09-30 15:14:58,Aphrodite,혹시 날씨관계로 비행기가 못뜨거나 그러면 백프로 환불되죠?
2024-09-30 15:19:40,캐리골프투어,안녕하세요. 결항 확인서 있으면 전액 환불 가능하십니다^^
2024-10-05 10:50:45,Aphrodite,"안녕하세요 
저희 가는날 다낭은
계속 비가 오던데
비로 란딩이 취소되면 
어쩌나요?"
2024-10-05 11:10:08,Aphrodite,?
2024-10-05 11:29:59,Aphrodite,아니 톡을 왜 안주세요?
2024-10-05 14:40:05,캐리골프투어,"동남아에서는 비가 와도 골프는 정상적으로 진행되며, 환불이나 일정 조정이 어렵습니다. 천둥이나 번개가 치면 잠시 중단했다가, 날씨가 나아지면 다시 플레이를 재개합니다. 비가 와도 경기는 계속 진행되니 참고해 주시기 바랍니다. 또한, 현지 일기예보 시스템은 한국만큼 정확하지 않아서, 예보를 100% 신뢰하기는 어렵습니다.

출발 전날, 한국어 가능한 베트남 직원이 고객님께 보이스톡으로 연락을 드리며, 궁금한 점이 있으시면 그 직원에게 문의하실 수 있습니다. 현지 기사님은 영어와 한국어가 어려우실 수 있으니, 필요한 사항은 보이스톡으로 문의 부탁드립니다.

현지 공항 도착 시, 기사님이 고객님의 이름이 적힌 피켓을 들고 대기 중이니 편안하게 이동하실 수 있습니다^^"
2024-10-05 14:43:32,Aphrodite,비가 아무리 많이와도 무조건 쳐야된다구요?
2024-10-05 14:44:16,캐리골프투어,네 구장에서 취소 선언을 하지 않으면 환불이 어려우십니다^^
2024-10-05 14:57:44,캐리골프투어,"입국심사를 마치신 후 짐과 골프백을 찾고 엑스레이 검사를 통과하신 뒤, 출국장 문을 통과하면 오른쪽 앞쪽에서 본인의 영문 이름이 적힌 피켓을 들고 있는 기사님을 만나시면 됩니다. 호텔에 도착하면 짐을 내리시고, 카운터에서 여권을 제시하여 체크인하시면 됩니다.

다음날 일정에 따라, 기사님과의 미팅은 로비 앞에서 본인의 피켓을 들고 있는 기사님과 만나셔서 골프장으로 이동합니다. 골프백을 내릴 때, 캐디에게 본인의 영문 이름을 확인한 후 영문 이름표를 수령하시고, 카운터에 제시하여 락카키를 받으시면 됩니다.

락카키를 받으신 후 카트가 있는 곳으로 이동하여 본인의 카트를 찾고, 락카키를 보여주신 뒤 라운딩을 시작하시면 되십니다. 라운딩이 끝나면 캐디에게 팁으로 40만 동 또는 15~20달러(18홀 1인당)를 직접 지불하시면 됩니다. 이후 카운터에 락카키를 반납하시고, 기사님을 불러달라고 보이스톡으로 요청하신 후 기사님과 만나 호텔로 이동하시면 됩니다. 호텔에 도착하면 골프백을 내리고 개인 일정을 진행하시면 되십니다^^"
2024-10-05 15:00:16,Aphrodite,보이스톡을 여기로?어디로요?
2024-10-05 15:00:37,Aphrodite,청주공항에서 출발할때 입국절차는요?
2024-10-05 15:00:51,캐리골프투어,"출발 전날, 한국어 가능한 베트남 직원이 고객님께 보이스톡으로 연락을 드리며, 궁금한 점이 있으시면 그 직원에게 문의하실 수 있습니다^^"
2024-10-05 15:01:08,Aphrodite,아네~
2024-10-05 15:02:45,캐리골프투어,베트남은 준비할 서류나 입국 신고서 작성 필요 없으시고 무비자이어서 그냥 여권만 챙겨 가시면 되세요^^
2024-10-05 15:03:24,Aphrodite,네
2024-10-05 15:03:47,캐리골프투어,네 좋은하루 보내세요. 감사합니다^^
2024-10-07 09:15:20,Aphrodite,전화좀 주세요
2024-10-07 09:55:27,캐리골프투어,네 연락 드리겠습니다.
2024-10-08 09:38:01,Aphrodite,베트남은 여름날씨라고 생각하면되나요?
2024-10-08 09:38:29,Aphrodite,따로 뭐 준비해야되는게 있는지요?
2024-10-08 10:24:33,캐리골프투어,"안녕하세요. 여름이라고 생각하시면 될 것 같습니다.
여름 옷, 우비 정도 챙겨가시면 될 것 같습니다^^"
2024-10-08 11:29:34,Aphrodite,"비행기표 는 오늘 전날인데
나오나요?"
2024-10-08 11:52:35,캐리골프투어,네 21시 비행기셔서 21시 이후에 좌석 선택 후 안내드리도록 하겠습니다^^
2024-10-08 17:12:55,Aphrodite,"21시이후면 늦어서
낼 알려주시는건가요?"
2024-10-08 17:13:24,캐리골프투어,금일 중 안내드리도록 하겠습니다^^
2024-10-08 21:09:47,캐리골프투어,좌석 선택 완료 하였습니다. 정상적으로 문자나 카카오톡 갔을까요?
2024-10-08 21:10:59,캐리골프투어,지금은 캐리골프투어의 채팅 가능한 시간이 아닙니다. 내용을 남겨주시면 채팅이 가능한 시간에 답변 드리겠습니다.
2024-10-08 21:10:59,Aphrodite,네.감사합니다 
2024-10-08 21:10:59,캐리골프투어,채팅 운영시간 안내
2024-10-09 08:36:49,Aphrodite,"왜 연락이 없으신건가요?
빨리 해결을 해주셔야죠!"
2024-10-09 08:36:49,캐리골프투어,채팅 운영시간 안내
2024-10-09 08:36:49,캐리골프투어,지금은 캐리골프투어의 채팅 가능한 시간이 아닙니다. 내용을 남겨주시면 채팅이 가능한 시간에 답변 드리겠습니다.
2024-10-09 09:04:28,Aphrodite,"이게 뭐에요
여행가는 당일~
사람 맘 불편하게"
2024-10-09 09:04:41,Aphrodite,빨리 조치를 해주셔야죠!
2024-10-09 09:32:28,Aphrodite,"국민은행 
786501~01~021808"
2024-10-09 09:35:48,캐리골프투어,"10/09 09:35 신진아（캐리골프투어）님이 방진희님의 계좌  786501**808로 120,000원을 보냈습니다."
2024-10-09 09:37:09,캐리골프투어,"수화물 120,000원 입금드렸습니다."
2024-10-11 19:54:26,Aphrodite,"공항 갈때까지 책임을 져야지
중간에 시간이 비면 저희는 어쩌라구요
두시간 추가로 해서 돈 더 주기로 했네요
여행 망치기 싫어서"
2024-10-11 19:54:26,캐리골프투어,채팅 운영시간 안내
2024-10-11 19:54:26,캐리골프투어,지금은 캐리골프투어의 채팅 가능한 시간이 아닙니다. 내용을 남겨주시면 채팅이 가능한 시간에 답변 드리겠습니다.
2024-10-11 19:54:41,Aphrodite,그리고 현지인이 전화도 잘 안받고
2024-10-11 19:54:41,캐리골프투어,채팅 운영시간 안내
2024-10-11 19:54:41,캐리골프투어,지금은 캐리골프투어의 채팅 가능한 시간이 아닙니다. 내용을 남겨주시면 채팅이 가능한 시간에 답변 드리겠습니다.
2024-10-12 01:02:47,캐리골프투어,안녕하세요. 현재 온라인 체크인을 해봤는데 온라인 체크가 불가하다고 뜹니다. 홈페이지의 내용에 의하면 같은 비행기 내 동명이인이 있을 경우 온라인 체크인이 불가다는 내용이 기재 되어있어서 익일 티웨이 측에 다시 한번 확인 후 안내드려야 할 것 같습니다^^
2024-10-12 08:29:31,캐리골프투어,확인 결과 해외에서 한국에 올 때는 거의 모든 나라가 온라인 체크인이 불가하셔서 현장에 가셔서 체크인을 하셔야하십니다^^
2024-10-12 08:30:49,Aphrodite,체크인하는데 다른 문제는 없는거죠?
2024-10-12 08:30:49,캐리골프투어,채팅 운영시간 안내
2024-10-12 08:30:49,캐리골프투어,지금은 캐리골프투어의 채팅 가능한 시간이 아닙니다. 내용을 남겨주시면 채팅이 가능한 시간에 답변 드리겠습니다.
2024-10-12 08:50:34,캐리골프투어,네 다른 문제는 없습니다^^