DATE,USER,MESSAGE
2024-02-24 15:06:30,캐리골프투어,"'캐리골프투어' 입니다.  궁금한 내용이 있으면 메시지를 입력해주세요.
더 이상 채팅을 원치 않으시면 채팅목록에서 '채팅방 나가기'를 해 주세요."
2024-02-24 15:07:13,박상희,3월19일 2인 조인으로 가능한가요?
2024-02-24 15:07:50,박상희,사진
2024-02-24 15:08:20,캐리골프투어,네 안녕하세요~  항공도 필요하신가요?
2024-02-24 15:08:42,캐리골프투어,출발 공항이 어디이실까요?
2024-02-24 15:43:08,박상희,김해공항 요
2024-02-24 15:53:59,캐리골프투어,네 확인감사합니다 조인가능합니다. 정확한 견적은 주말이라 월요일에 항공전산이 열리면 확인해드릴 수 있습니다. 확인후 안내드릴까요?
2024-02-24 20:43:10,박상희,"네 알겠습니다 
부탁드립니다 "
2024-02-24 20:43:10,캐리골프투어,채팅 운영시간 안내
2024-02-24 20:43:10,캐리골프투어,지금은 캐리골프투어의 채팅 가능한 시간이 아닙니다. 내용을 남겨주시면 채팅이 가능한 시간에 답변 드리겠습니다.
2024-02-26 15:10:20,박상희,항공확인부탁합니다.
2024-02-26 15:10:38,박상희,화요일 출발요
2024-02-26 15:10:43,박상희,19일
2024-02-26 15:12:47,캐리골프투어,네 확인 후 금일중 안내드리겠습니다
2024-02-26 18:05:54,캐리골프투어,"대한한공
3/19 김해제주 07:55
3/20 제주김해 16:20
1인 160.000원

현재 가능합니다."
2024-02-26 18:07:13,캐리골프투어,1인 기준 총 54만원입니다.
2024-02-26 18:07:43,박상희,네 알겠습니다 ~~
2024-02-26 18:07:43,캐리골프투어,채팅 운영시간 안내
2024-02-26 18:07:43,캐리골프투어,지금은 캐리골프투어의 채팅 가능한 시간이 아닙니다. 내용을 남겨주시면 채팅이 가능한 시간에 답변 드리겠습니다.
2024-02-26 18:08:49,캐리골프투어,네네 감사합니다~
2024-02-27 13:20:38,박상희,법인카드로 결재가능한가요?
2024-02-27 13:22:03,캐리골프투어,네 법인카드는어렵습니다. 죄송하지만 현금으로 가능합니다.
2024-02-27 13:41:43,박상희,"그러면
항공권은 저희가 발권할께요"
2024-02-27 13:42:12,박상희,라운딩 스케줄십간 좀주세요
2024-02-27 13:42:18,캐리골프투어,네 알겠습니다.
2024-02-27 13:44:02,캐리골프투어,사진
2024-02-27 13:44:16,캐리골프투어,견적서 보내드립니다.
2024-02-27 13:45:43,박상희,3월19일 거 문의한건데요
2024-02-27 13:46:06,박상희,날짜가 4월15일 이네요
2024-02-27 13:46:59,캐리골프투어,네 다른분께 드린다는걸 잘못드렸네요 죄송합니다.
2024-02-28 14:05:37,캐리골프투어,사진
2024-02-28 14:05:38,캐리골프투어,"안녕하세요 늦어져 죄송합니다. 
말씀주신 일정표입니다."
2024-02-28 14:09:57,박상희,네 감사합니다 
2024-02-28 14:16:47,캐리골프투어,"네 감사합니다
우선 해당패키지 상품 조인대기요청후 금주중 기다려보고 조인여부에 따라 진행해야 될것
같습니다.

진행하신다고 하시면
예약금 20만원 입금후 
조인대기자정보(성함/성별/연령/타수) 보내주시면  등록후 다음주초에 조인여부 연락드리겠습니다

조인실패시 예약금은 전액 반환드릴예정입니다. 

계좌안내입니다.>
국민 캐리골프투어 680401-00-036929"
2024-02-28 14:49:30,박상희,네 
2024-02-28 14:50:39,박상희,"1일차가 19일
2일          20일 맞나요?"
2024-02-28 15:11:08,캐리골프투어,네 맞습니다
2024-02-29 14:24:18,박상희,"송금했어요 


박상희/여/52/18
000/남/55/10
입니다."
2024-02-29 14:24:23,박상희,잘부탁드려요 
2024-02-29 14:25:31,캐리골프투어,네 감사합니다.조인올려보고 다음주중 안내드리겠습니다
2024-02-29 14:40:54,캐리골프투어,15만원 입금 주신거 확인했습니다.
2024-02-29 14:50:38,캐리골프투어,박상희님 연락처 부탁드립니다.
2024-02-29 14:51:54,박상희,010-7513-7777
2024-02-29 15:03:51,캐리골프투어,네 확인 감사합니다
2024-02-29 17:42:22,캐리골프투어,안녕하세요 혹시  18일로 일정 변경 가능하신지 확인부탁드립니다.  18일에 조인가능한 팀이 있어 여쭙습니다.
2024-02-29 17:48:22,박상희,날짜변경은 어려워요ㅠ
2024-02-29 17:52:35,캐리골프투어,네네 확인감사합니다.
2024-03-05 13:38:21,박상희,3월19일이 조인이 어렵나 보네요
2024-03-05 13:38:24,박상희,ㅠㅠ
2024-03-05 13:38:52,박상희,4월 30일 화요일로 변경할께요 
2024-03-05 13:42:25,캐리골프투어,네 아직 조인대기중입니다. 4월30일은 블랙스톤+스카이힐+블랙스톤호텔 +렌트카 말씀이실까요?
2024-03-05 13:42:57,캐리골프투어,사진
2024-03-05 13:43:22,캐리골프투어,이상품 말씀이실까요?
2024-03-05 13:53:49,박상희,네
2024-03-05 13:55:48,캐리골프투어,네네 확인후 안내드리겠습니다.
2024-03-05 15:48:05,캐리골프투어,4/30일 스카이힐+블랙스톤+블랙스톤호텔+렌트카 해당 상품으로 변경가능하세요 변경적용해드리도록 하겠습니다.
2024-03-05 15:48:21,박상희,네
2024-03-05 17:09:01,캐리골프투어,골프(라온) + 숙박(글로스터호텔) +렌트 1일 추가시 215.000원 추가됩니다.
2024-03-05 17:11:03,캐리골프투어,2박 3일 골프3회/숙박2박/렌트 3일 1인 기준 595.000원 입니다.
2024-03-05 17:12:34,박상희,1박2일 입니다
2024-03-05 17:13:44,캐리골프투어,아 죄송합니다. 다른 고객님 일정인데 톡을 잘못드렸습니다.
2024-03-05 17:27:42,캐리골프투어,사진
2024-03-05 17:29:03,캐리골프투어,고객님 일정 확인부탁드립니다.
2024-03-08 14:01:53,캐리골프투어,사진
2024-03-08 14:03:52,캐리골프투어,"안녕하세요 확정표 보내드립니다. 확인 부탁드립니다.     
회원제(5/1 스카이힐)로 조인되셔서 1인 3만원이 추가되었습니다. 양해 부탁드립니다."
2024-03-08 14:09:31,박상희,"그건 우리가 원한게 아닌데요
금액을 올리는건....
이해가 안됩니다."
2024-03-08 14:19:29,캐리골프투어,"네 사전에 안내드린다는게 깜빡했습니다. 

해당 단체 특가의 조인이 가능한 일정이 회원제 1건만 가능했어서 조인을 해드렸었습니다.
해당 부분은 제가 부담하겠습니다. 
자차보험도 소비스로 해드렸습니다. 

기분좋게 다녀오시고 
다음에 또 이용 부탁드립니다^^"
2024-03-08 14:30:09,캐리골프투어,"상품가 380.000 x 2= 760.000(- 예약금 150.000원) 잔금은 610.000 입니다.금일중 입금확인 부탁드립니다. ~

계좌안내입니다. >>>>

국민은행  680401-00-036929 캐리골프투어"
2024-03-08 17:43:38,박상희,네 감사합니다 
2024-03-08 17:56:07,캐리골프투어,넵! 양해해주셔서 감사합니다.~
2024-03-09 18:11:01,캐리골프투어,안녕하세요 고객님 잔금 입금 확인 부탁드립니다.
2024-03-09 21:16:05,박상희,"죄송하지만 월요일까지 송금하면
안될까요?"
2024-03-09 21:16:05,캐리골프투어,채팅 운영시간 안내
2024-03-09 21:16:05,캐리골프투어,지금은 캐리골프투어의 채팅 가능한 시간이 아닙니다. 내용을 남겨주시면 채팅이 가능한 시간에 답변 드리겠습니다.
2024-03-09 21:16:22,박상희,아직 비행기를 예약을 못했어요
2024-03-09 21:16:22,캐리골프투어,채팅 운영시간 안내
2024-03-09 21:16:22,캐리골프투어,지금은 캐리골프투어의 채팅 가능한 시간이 아닙니다. 내용을 남겨주시면 채팅이 가능한 시간에 답변 드리겠습니다.
2024-03-09 22:53:32,캐리골프투어,네네  단체행사 마감처리 때문에 죄송하지만 월요일 오전중에는 확인 부탁드립니다.
2024-03-09 22:58:30,캐리골프투어,채팅 운영시간 안내
2024-03-09 22:58:30,캐리골프투어,지금은 캐리골프투어의 채팅 가능한 시간이 아닙니다. 내용을 남겨주시면 채팅이 가능한 시간에 답변 드리겠습니다.
2024-03-09 22:58:30,박상희,네 알겠습니다 
2024-03-11 11:43:45,캐리골프투어,안녕하세요 고객님 잔금 입금 확인 부탁드립니다.
2024-03-11 16:20:03,박상희,송금했어요 
2024-03-11 16:29:25,캐리골프투어,네네 잔금 610.
2024-03-11 16:29:56,캐리골프투어,네 잔금 610.000원 입금 확인했습니다. 감사합니다.~
2024-04-28 22:04:24,박상희,4월30일 렌트는 어떻게 이용하나요?
2024-04-28 22:04:24,캐리골프투어,채팅 운영시간 안내
2024-04-28 22:04:24,캐리골프투어,지금은 캐리골프투어의 채팅 가능한 시간이 아닙니다. 내용을 남겨주시면 채팅이 가능한 시간에 답변 드리겠습니다.
2024-04-28 22:04:42,박상희,안내해주세요
2024-04-28 22:04:42,캐리골프투어,채팅 운영시간 안내
2024-04-28 22:04:42,캐리골프투어,지금은 캐리골프투어의 채팅 가능한 시간이 아닙니다. 내용을 남겨주시면 채팅이 가능한 시간에 답변 드리겠습니다.
2024-04-29 09:49:01,캐리골프투어,안녕하세요 보내드린 견적서 하단에 렌트 방법 적혀있습니다
2024-04-29 09:49:11,캐리골프투어,보내드린 견적서 하단에 렌트 인수방법 안내되어 있습니다.
2024-04-29 10:48:20,박상희,네 알겠습니다 
2024-04-30 10:06:59,박상희,렌트카 예약이 안되있어요
2024-04-30 10:07:03,박상희,연락주세요 
2024-04-30 10:07:10,박상희,01075137777
2024-04-30 10:19:17,캐리골프투어,인수 하셨다고 연락을 받았는데 잘 받으셨을까요?
2024-04-30 10:20:51,박상희,네 잘받았어요 
2024-04-30 10:21:06,캐리골프투어,네네 다행입니다.