DATE,USER,MESSAGE
2024-02-27 12:22:04,캐리골프투어,"'캐리골프투어' 입니다.  궁금한 내용이 있으면 메시지를 입력해주세요.
더 이상 채팅을 원치 않으시면 채팅목록에서 '채팅방 나가기'를 해 주세요."
2024-02-27 12:22:13,김종만,사진
2024-02-27 12:22:20,김종만,이거 가능한가요?
2024-02-27 12:22:51,캐리골프투어,네 안녕하세요녕
2024-02-27 12:23:13,김종만,4.15일 2팀 가능한지요
2024-02-27 12:23:34,캐리골프투어,네 2팀(8인)접수 가능합니다.
2024-02-27 12:23:47,김종만,그럼 부탁드립니다!
2024-02-27 12:23:57,캐리골프투어,항공은 준비되셨을까요?
2024-02-27 12:24:36,김종만,"아니요.
이게 확정되면 하려구요!"
2024-02-27 12:24:48,캐리골프투어,네 견적서 작성해서 드리도록 하겠습니다.
2024-02-27 12:24:59,김종만,골프 투어 상품 문의
2024-02-27 12:24:59,캐리골프투어(메뉴),"지역(상품명), 일정, 인원수 적어주시면 자세히 상담해 드리겠습니다."
2024-02-27 12:33:07,캐리골프투어,사진
2024-02-27 12:33:24,캐리골프투어,견적보내드립니다.
2024-02-27 12:35:10,캐리골프투어,"예약 가능한 상황입니다.

15일 출발 잔여 4팀 
16일 출발 잔여 1팀"
2024-02-27 13:37:32,김종만,"죄송하지만 인원이 안되서 
15일 1팀만 예약하겠습니다."
2024-02-27 13:39:40,캐리골프투어,"네 예약금 30만원 입금주시면 확인후 바로 접수 진행드리겠습니다.  

입금후 입금자명/ 명단 부탁드립니다."
2024-02-27 13:40:24,캐리골프투어,국민은행 680401-00-036929 캐리골프투어
2024-02-27 13:47:48,캐리골프투어,사진
2024-02-27 13:48:07,캐리골프투어,4인 기준 견적서 드립니다.
2024-02-28 09:52:41,캐리골프투어,"안녕하세요 오전중 입금 확인 가능하실까요?
해당 행사가 모두 마감되어서 혹시 상황이 안되시면 다른 대기팀이 있어서 홀딩중입니다. 

여의치 않으시면 저희가 3월에 다시 상품 기획 예정이니 그때 이용해주셔도 좋으실듯 싶습니다."
2024-02-28 09:54:32,캐리골프투어,해당행사 잔여 모두 마감되고 15일 한팀 건만 홀딩한 상황이라 빠른 확인 부탁드립니다.
2024-02-28 11:47:43,캐리골프투어,문의주신 해당상품 금일 마감되었습니다. 혹시 입금 주실까봐 안내드립니다. 감사합니다.