DATE,USER,MESSAGE
2024-04-02 21:17:46,정재훈,사진
2024-04-02 21:17:47,캐리골프투어,채팅 운영시간 안내
2024-04-02 21:17:47,캐리골프투어,지금은 캐리골프투어의 채팅 가능한 시간이 아닙니다. 내용을 남겨주시면 채팅이 가능한 시간에 답변 드리겠습니다.
2024-04-02 21:18:01,정재훈,5월 초는  예약이  안되나요?
2024-04-02 21:18:01,캐리골프투어,채팅 운영시간 안내
2024-04-02 21:18:01,캐리골프투어,지금은 캐리골프투어의 채팅 가능한 시간이 아닙니다. 내용을 남겨주시면 채팅이 가능한 시간에 답변 드리겠습니다.
2024-04-02 21:18:52,캐리골프투어,네 안녕하세요  4월만 가능합니다.
2024-04-02 21:19:55,캐리골프투어,항공은 발권 하셨을까요?
2024-04-02 21:20:32,정재훈,5월 2일  7시대  항공 입니다ㆍ
2024-04-02 21:20:32,캐리골프투어,채팅 운영시간 안내
2024-04-02 21:20:32,캐리골프투어,지금은 캐리골프투어의 채팅 가능한 시간이 아닙니다. 내용을 남겨주시면 채팅이 가능한 시간에 답변 드리겠습니다.
2024-04-02 21:21:17,캐리골프투어,네 확인 감사합니다.4인 이실까요 ?
2024-04-02 21:22:46,정재훈,"2일~7일 까지  기간중에  
포도호텔
핀크스
테디벨리   포함으로  
2박정도  생각 하고 있습니다ㆍ"
2024-04-02 21:22:46,캐리골프투어,채팅 운영시간 안내
2024-04-02 21:22:46,캐리골프투어,지금은 캐리골프투어의 채팅 가능한 시간이 아닙니다. 내용을 남겨주시면 채팅이 가능한 시간에 답변 드리겠습니다.
2024-04-02 21:23:10,정재훈,나머지  날짜는  따로  라운딩  잡아보구요
2024-04-02 21:23:10,캐리골프투어,채팅 운영시간 안내
2024-04-02 21:23:10,캐리골프투어,지금은 캐리골프투어의 채팅 가능한 시간이 아닙니다. 내용을 남겨주시면 채팅이 가능한 시간에 답변 드리겠습니다.
2024-04-02 21:24:51,캐리골프투어,네 5/2.3.4일 2박3일 골프+숙박+ 렌트패키지 확인해드리면 될까요?
2024-04-02 21:25:30,정재훈,렌트는  제외  해도 됩니다ㆍ
2024-04-02 21:25:30,캐리골프투어,채팅 운영시간 안내
2024-04-02 21:25:30,캐리골프투어,지금은 캐리골프투어의 채팅 가능한 시간이 아닙니다. 내용을 남겨주시면 채팅이 가능한 시간에 답변 드리겠습니다.
2024-04-02 21:26:01,정재훈,렌트는  2일부터  7일까지  한번에  예약 하려구요
2024-04-02 21:26:01,캐리골프투어,채팅 운영시간 안내
2024-04-02 21:26:01,캐리골프투어,지금은 캐리골프투어의 채팅 가능한 시간이 아닙니다. 내용을 남겨주시면 채팅이 가능한 시간에 답변 드리겠습니다.
2024-04-02 21:26:48,캐리골프투어,네네 2~7일 렌트도 가능하세요
2024-04-02 21:27:16,정재훈,네   그럼 확인부탁드립니다 
2024-04-02 21:27:16,캐리골프투어,채팅 운영시간 안내
2024-04-02 21:27:16,캐리골프투어,지금은 캐리골프투어의 채팅 가능한 시간이 아닙니다. 내용을 남겨주시면 채팅이 가능한 시간에 답변 드리겠습니다.
2024-04-02 21:28:13,캐리골프투어,네네 내일 중 확인후 안내드려보겠습니다. ~
2024-04-02 21:28:18,캐리골프투어,캐리골프투어 채널을 추가하시면 광고와 마케팅 메시지를 카카오톡으로 받아 볼 수 있습니다.
2024-04-02 21:28:30,캐리골프투어,채팅 운영시간 안내
2024-04-02 21:28:30,정재훈,네
2024-04-02 21:28:31,캐리골프투어,지금은 캐리골프투어의 채팅 가능한 시간이 아닙니다. 내용을 남겨주시면 채팅이 가능한 시간에 답변 드리겠습니다.
2024-04-03 14:48:26,캐리골프투어,안녕하세요 인원은 4인 이시죠?
2024-04-03 14:51:18,캐리골프투어,"5/2 2부
5/3 1부
36홀
포도호텔 5/2~3 2객실 1박
렌트카
5/2 08:00 수령
5/7 07:00 반납"
2024-04-03 14:51:32,캐리골프투어,이렇게 확인 해드리면 되실까요?
2024-04-03 14:51:59,정재훈,네    인원은  일단  4인으로  
2024-04-03 15:18:55,캐리골프투어,"*골프장 :
05월02일(목) 핀크스gc 2부 (4인플) 
05월03일(금) 테디밸리cc 08:10 (4인플) 

---------------------
*숙소 :
05월02일(목) 포도호텔 로얄스위트 1객실 1박 [4인 조식포함] 

---------------------
*렌트카 :
카니발(자차포함) 
05월02일(목) 08:00 수령
05월07일(화) 17:00 반납

---------------------
*상품가
- 1인금액 : 990,000원"
2024-04-03 15:19:08,캐리골프투어,포도 2인실이 마감이라 4인실로 안내드립니다
2024-04-03 20:54:16,정재훈,제가  라운딩 중이라  답을  못했습니다ㆍ
2024-04-03 20:54:16,캐리골프투어,채팅 운영시간 안내
2024-04-03 20:54:16,캐리골프투어,지금은 캐리골프투어의 채팅 가능한 시간이 아닙니다. 내용을 남겨주시면 채팅이 가능한 시간에 답변 드리겠습니다.
2024-04-03 20:55:41,캐리골프투어,네네 의논해보시고 말씀주세요
2024-04-04 09:09:49,정재훈,"렌트ㆍ호텔ㆍ라운딩 

나눠서  금액  정리 부탁드립니다 "
2024-04-04 09:14:42,캐리골프투어,핀크스 포함된거는 나눠서 안되요 포토호텔 을 써야되서요
2024-04-04 09:15:58,정재훈,통화  가능 하실가요?
2024-04-04 09:16:14,캐리골프투어,렌트카카 19만원 ×4 =760.000입니다. 공항픽업/반납이고요
2024-04-04 09:17:18,캐리골프투어,렌트카만 따로 하시면 되세요
2024-04-04 09:17:57,정재훈,렌트는  의무 사용인가요?
2024-04-04 09:18:10,정재훈,010  5212  0188
2024-04-04 09:18:21,정재훈,전화 부탁드립니다 
2024-04-04 09:27:52,정재훈,렌트를  제외한거로  금액  주시구요 
2024-04-04 09:28:01,정재훈,4인  확정 입니다
2024-04-04 09:28:19,정재훈,금액 주시고  예약 진행 해주세요
2024-04-04 09:37:18,캐리골프투어,네 알겠습니다.
2024-04-04 09:45:23,정재훈,"그리고  
렌트  2일~ 7일  늦은 반납까지 
차량 
GV70  정도로  견적 부탁드립니다 
공항 픽업ㆍ공항반납으로 "
2024-04-04 09:45:58,캐리골프투어,네네 알겠습니다
2024-04-04 10:12:14,캐리골프투어,사진
2024-04-04 10:12:20,캐리골프투어,"예약 진행안내드립니다. 
—————————————
견적서 하단 계좌로 4인 예약금(400.000원) 입금후 입금자명과 대표자성함/연락처 남겨주시면 
예약 접수진행드리도록 하겠습니다. 

참고로 핀크스는 회원제로 예약완료후 노쇼/취소가 불가하시고 3인 플은 가능하시지만 필수 입장 하셔야 합니다.티오프 취소는 안받아주니 이부분 양해 부탁드립니다.~  


계좌안내 
—————————————
680401-00-036929 국민은행 캐리골프투어"
2024-04-04 10:17:21,정재훈,"*골프장 :
05월02일(목) 핀크스gc 2부 (4인플) 
05월03일(금) 테디밸리cc 08:10 (4인플) 

---------------------
*숙소 :
05월02일(목) 포도호텔 로얄스위트 1객실 1박 [4인 조식포함] 

---------------------
*상품가
- 1인금액 : 80만  "
2024-04-04 10:17:43,정재훈,요렇게  해서 1인  80   이라는거죠?
2024-04-04 10:17:54,캐리골프투어,네 맞습니다.
2024-04-04 10:18:12,정재훈,포도호텔  연박  하면  가격이  좀더  내려가나요?
2024-04-04 10:19:52,캐리골프투어,네 죄송하지만 회원제 리조트라서 프로모션. 할인 적용 등이 안됩니다.
2024-04-04 10:20:05,정재훈,일단  아래 계좌로 계약금 40만원  입금 하겠습니다 
2024-04-04 10:20:59,정재훈,아  그럼  1박을 추가하면  추가비용은  얼마 일가요?
2024-04-04 10:21:24,캐리골프투어,네네 입금확인후 핀크스 확인 부터 해드리겠습니다.
2024-04-04 10:21:36,정재훈,넵
2024-04-04 10:22:00,캐리골프투어,1박 추가는 될런지 모르겠는데 이날짜가 핫한 날짜라 확인해드리겠습니다.
2024-04-04 10:23:08,정재훈,정남옥 으로  40만원  입금했습니다 
2024-04-04 10:28:03,캐리골프투어,"포도호텔 1박 추가 가능은 하시고 연박 조식포함으로 
1인 105만원입니다.

참고로 포토호텔에서 제일 좋은 타입입니다. 
2인실이 기본인데 마감이라 4인실로 드렸었고. 4인실이 제일 좋은 타입이라 배로 차이납니다. 지배인분 말씀이 회원권 들고 있는분도 로얄스위트 140만원에 이용하신다고 합니다. 

포도호텔 연박 여부만 확정 주시면 바로 핀크스. 포도호텔 예약 여부부터 확인하겠습니다."
2024-04-04 10:28:41,캐리골프투어,금액을 잘못드렸네요 1인 기준 110만원입니다.
2024-04-04 10:28:57,캐리골프투어,1인 1박 30만원 추가되시는거고요
2024-04-04 10:29:22,정재훈,동반자  확인후 바로 답 드리겠습니다 
2024-04-04 10:29:32,캐리골프투어,네 알겠습니다.
2024-04-04 10:30:49,캐리골프투어,예약금  정재훈님(정남옥 400.000원 )입금 확인되셨습니다.
2024-04-04 10:35:44,정재훈,"*골프장 :
05월02일(목) 핀크스gc 2부 (4인플) 
05월03일(금) 테디밸리cc 08:10 (4인플) 

---------------------
*숙소 :
05월02일(목) 포도호텔 로얄스위트 1객실 1박 [4인 조식포함] 

---------------------
*상품가
- 1인금액 : 80만  "
2024-04-04 10:35:53,정재훈,요렇게만 진행 해주세요
2024-04-04 10:36:11,캐리골프투어,네네 바로 확인하겠습니다.
2024-04-04 10:36:12,정재훈,일행이 3일은 제주시로  들어간다네요
2024-04-04 10:36:27,캐리골프투어,네네네
2024-04-04 10:37:14,캐리골프투어,"대표자: 
정재훈님 010  5212  0188 정보로 예약 진행드리면 될까요?"
2024-04-04 10:37:32,정재훈,네
2024-04-04 10:38:28,캐리골프투어,네 준비하겠습니다
2024-04-04 10:39:25,정재훈,"네  
티업시간포함 
확정 문자  주세요ㆍ"
2024-04-04 10:39:54,정재훈,다하시구   렌트 견적도 부탁드리구요
2024-04-04 10:40:09,캐리골프투어,네네네
2024-04-04 10:57:18,캐리골프투어,"공항주차장 픽업/반납은 
GV70은 없고, 입고얼마안된 쏘렌토하이브리드만 있습니다.
쏘렌토hev 770,000원 입니다.

공항 셔틀이동 > 렌트카회사 수령/반납도 가능하시면 다시 확인해드릴 수 있습니다."
2024-04-04 11:01:11,정재훈,네 알겠습니다 
2024-04-04 11:01:52,정재훈,"아그리고 
3일 테디밸리는  8시10분 확정 인가요?
좀 늦은티업은  안되나요?"
2024-04-04 11:02:11,캐리골프투어,"저희 공항주차장 픽업/반납 서비스차량은  차량을 공항에 이동시키고 반납입고하는 서비스 인건비가 포함되어 있어서 다소 단가가 있습니다. 

대부분은 공항에서 셔틀버스(10분간격 )타고
10분거리 렌트카회사로 이동 계약서 작성후 수령 /반납 방식입니다."
2024-04-04 11:02:56,정재훈,그건 당연하지요  ㅎㅎ
2024-04-04 11:04:28,캐리골프투어,네네 핀크스부터 확정되면 그때 재요청 해보겠습니다.  전체 스케줄잡는게 우선이라서요
2024-04-04 11:05:07,정재훈,네
2024-04-04 11:53:26,캐리골프투어,사진
2024-04-04 11:53:36,캐리골프투어,모두완료입니다
2024-04-04 11:53:43,캐리골프투어,테디밸리 체크중입니다
2024-04-04 11:54:29,정재훈,네
2024-04-04 11:55:32,캐리골프투어,"정재훈 고객님
핀크스G.C 예약 안내드립니다.

05/02(목) 13:10 서→북 코스

안녕하세요, 포도호텔 입니다.
정재훈 고객님 핀크스 포도호텔 예약이 확정되었습니다.

▣예약번호: 24194327
▣투숙자명: 정재훈
▣입실일자: 2024-05-02(목)/1박
▣객실타입: 로얄 한실
※ 체크인 15시, 체크아웃 11시

05/02(목) 13:10 서→북 코스"
2024-04-04 11:57:51,캐리골프투어,테디밸리는 0810이 현재 가능한 가장 늦은 티오프시간이라고 합니다.
2024-04-04 11:58:33,정재훈,네  알겠습니다 
2024-04-04 11:59:34,캐리골프투어,"[테디밸리 예약 확정안내]

■예약일자: 2024-05-03(금) 
■예약시간: 08:10
■예약자명: 정재훈"
2024-04-04 11:59:56,정재훈,넵 
2024-04-04 12:00:20,정재훈,"저희 공항주차장 픽업/반납 서비스차량은  차량을 공항에 이동시키고 반납입고하는 서비스 인건비가 포함되어 있어서 다소 단가가 있습니다. 

대부분은 공항에서 셔틀버스(10분간격 )타고
10분거리 렌트카회사로 이동 계약서 작성후 수령 /반납 방식입니다."
2024-04-04 12:00:51,정재훈,셔틀이용해서 직접 수령 반납 견적도  한번더  부탁드립니다 
2024-04-04 12:01:07,캐리골프투어,네 확인드리겠습니다.
2024-04-04 12:01:11,정재훈,넵
2024-04-04 13:24:14,캐리골프투어,gv70 5/2 오전 ~5/7 저녁(자차미포함) 금액 42만원입니다.
2024-04-04 13:25:00,정재훈,네  답변드리겠습니다 
2024-04-04 13:25:53,캐리골프투어,네네 연휴기간이라 차가 없어서 서두르셔야 차량 예약이 가능하다고 하네요 확인되시면 항공 도착/리턴 시간 남겨주시면 예약 진행드리겠습니다.
2024-04-04 13:26:11,정재훈,네  알겠습니다 
2024-04-04 13:26:27,캐리골프투어,네네네
2024-04-04 14:31:08,캐리골프투어,혹 안하신다고 해도 꼭 알려주세요
2024-04-04 14:33:33,정재훈,렌트카요?
2024-04-04 14:33:53,정재훈,네  근무중  이라  오늘 안으로 답 드리겠습니다 
2024-04-04 14:34:09,캐리골프투어,네네 렌트카 맞습니다.
2024-04-04 14:36:35,정재훈,"2일    오전 8시25분 도착
7일   오후 21시15분  출발  
입니다ㆍ"
2024-04-04 15:05:34,캐리골프투어,네 확인 감사합니다
2024-04-04 18:40:31,정재훈,gv70 5/2 오전 ~5/7 저녁(자차미포함) 금액 42만원입니다.
2024-04-04 18:40:31,캐리골프투어,채팅 운영시간 안내
2024-04-04 18:40:31,캐리골프투어,지금은 캐리골프투어의 채팅 가능한 시간이 아닙니다. 내용을 남겨주시면 채팅이 가능한 시간에 답변 드리겠습니다.
2024-04-04 18:41:07,정재훈,이  렌트카는   공항 인슈반납은  안돼나요?
2024-04-04 18:41:07,캐리골프투어,채팅 운영시간 안내
2024-04-04 18:41:07,캐리골프투어,지금은 캐리골프투어의 채팅 가능한 시간이 아닙니다. 내용을 남겨주시면 채팅이 가능한 시간에 답변 드리겠습니다.
2024-04-04 19:08:49,캐리골프투어,네네 공항셔틀 타시고 렌트카회사에서 인수하셔야 합니다.
2024-04-04 19:09:37,정재훈,네  알겠습니다 
2024-04-04 19:09:37,캐리골프투어,채팅 운영시간 안내
2024-04-04 19:09:37,캐리골프투어,지금은 캐리골프투어의 채팅 가능한 시간이 아닙니다. 내용을 남겨주시면 채팅이 가능한 시간에 답변 드리겠습니다.
2024-04-04 19:11:11,캐리골프투어,"아래 링크의 인수방식 참고 부탁드립니다.
https://www.jejuokrent.co.kr/home/rentalProcedure/list.do?rental-info1"
2024-04-04 19:11:35,캐리골프투어,지금은 캐리골프투어의 채팅 가능한 시간이 아닙니다. 내용을 남겨주시면 채팅이 가능한 시간에 답변 드리겠습니다.
2024-04-04 19:11:35,정재훈,네
2024-04-04 19:11:35,캐리골프투어,채팅 운영시간 안내
2024-04-04 19:13:46,캐리골프투어,셔트버스 타시고 5~10분 정도 소요된다고 보시면 되겠습니다.
2024-04-04 19:14:11,정재훈,네  참고  하겠습니다 
2024-04-04 19:14:11,캐리골프투어,채팅 운영시간 안내
2024-04-04 19:14:11,캐리골프투어,지금은 캐리골프투어의 채팅 가능한 시간이 아닙니다. 내용을 남겨주시면 채팅이 가능한 시간에 답변 드리겠습니다.
2024-04-04 19:16:17,캐리골프투어,네네네
2024-04-07 11:46:28,정재훈,gv70 5/2 오전 ~5/7 저녁(자차미포함) 금액 42만원입니다.
2024-04-07 11:46:39,정재훈,요걸로  예약 해주세요 
2024-04-07 11:55:35,캐리골프투어,네 안녕하세요 내일 확인후 안내드리겠습니다.
2024-04-07 11:58:39,정재훈,네
2024-04-08 14:25:43,캐리골프투어,확인결과 말씀주신 렌트카는 다 나갔다고 합니다.
2024-04-08 14:26:09,정재훈,아 ㅡㅡㅡ
2024-04-08 14:26:52,정재훈,다른   추천은 없어요?
2024-04-08 14:29:42,캐리골프투어,네네 확인해보겠습니다.
2024-04-08 15:20:49,캐리골프투어,"5/2  08시 
5/7  19시

스포티지 700,000원 
K5  510,000원 입니다."
2024-04-08 15:32:39,정재훈,"스포티지로  해야겠네요
반납  8시정도로  "
2024-04-08 15:43:58,캐리골프투어,네네 확인후 안내드리겠습니다
2024-04-08 18:09:05,캐리골프투어,"[렌트카 확정]

예약자명 : 정재훈

스포티지(자차포함) 
05월02일(목) 08:00 수령
05월07일(화) 20:00 반납

▶ 제주공항 도착 후 짐을 찾으실때 010-9232-8003 으로 연락해주세요 (3층 3번게이트)
▶ 예약된 차량을 공항 게이트앞으로 가서 픽업해드립니다
▶ 단, 렌트카 계약서 작성을 위해 렌트카 사무실로 들어와야합니다 계약서 작성 후 차량 이용 가능합니다
▶ 운전은 만 26세 이상만 가능합니다.
▶ 공항에서 짐을 차량에 넣기때문에 별도로 짐을 재운반하실 필요가 없습니다"
2024-04-08 18:10:00,캐리골프투어,렌트카 확정 드렸습니다.
2024-04-08 18:12:41,캐리골프투어,채팅 운영시간 안내
2024-04-08 18:12:41,캐리골프투어,지금은 캐리골프투어의 채팅 가능한 시간이 아닙니다. 내용을 남겨주시면 채팅이 가능한 시간에 답변 드리겠습니다.
2024-04-08 18:12:41,정재훈,"공항 수령  
공항 반납 
이에요?"
2024-04-09 12:26:16,캐리골프투어,네네 카니발 같은경우 공항 주차장에서 직접 수령하시는 방식이시고 고객님 예약 하신 차량은 저희 직원분이 고객님 렌트하실 차량을 몰고 공항으로 픽업 후 렌트카 사무실 방문하여 계약서 작성후 렌트하는 방식이라고 보시면 됩니다.
2024-04-09 12:26:58,정재훈,아  네  알겠습니다 
2024-04-09 12:27:01,캐리골프투어,참고로 반납시에도 렌트카 사무실로 오시면 직원분이 공항으로 모셔다 드리게 됩니다.
2024-04-09 12:28:07,정재훈,어째거나  사무실 들러 움직여야  하는거네요
2024-04-09 12:28:58,캐리골프투어,네 맞습니다 . 셔틀버스 10분간격 기다렸다가 셔틀타고 렌트카 사무실 방문하시는 것 보다는 편리하실 겁니다.
2024-04-11 10:53:56,캐리골프투어,사진
2024-04-11 10:55:16,캐리골프투어,안녕하세요 고객님 렌트카 포함 확정서 정리드립니다. 확인후 잔금 확인 부탁드립니다.
2024-04-11 15:19:13,캐리골프투어,사진
2024-04-11 15:20:00,캐리골프투어,"정재훈님 확정서 입니다. 

*골프장 :
05월02일(목) 핀크스gc 13:10 1팀(4인) 
05월03일(금) 테디벨리cc 08:10 1팀(4인) 

---------------------
*숙소 :
05월2일(목) 포도호텔 로얄스위트 한실 1객실 1박[4인 조식포함] 

---------------------
*렌트카 :
05월02일(목) 08:00 수령 05월07일(화) 20:00 반납,스포티지(자차포함) 

①예약금
- 400,000원 

- 예약금 결제일 : ~04월04일
* 입출금 내역이 많아 송금후 연락부탁드립니다.

②잔   금 : 
- 3,500,000원 
* 입출금 내역이 많아 송금후 연락부탁드립니다.

③총   액 : 
① + ② = 3,900,000원

입금계좌 :
680401-00-036929 국민은행 캐리골프투어"
2024-04-11 15:21:46,정재훈,라운딩   중이라  이따 답변드리겠습니다 
2024-04-11 15:22:00,정재훈,확정  확인 했습니다 
2024-04-11 15:22:04,캐리골프투어,네 확인 감사합니다
2024-04-15 17:10:37,정재훈,일부  입금 들어갔지요?
2024-04-15 17:11:32,정재훈,정재훈으로  160만원  확인 부탁드립니다 
2024-04-15 17:11:49,캐리골프투어,네 안녕하세요
2024-04-15 17:12:04,캐리골프투어,잠시만요
2024-04-15 17:13:17,캐리골프투어,네 맞습니다. 정재훈님 4/14일 1.600.000원 잔금 일부 입금 주신거 확인했습니다
2024-04-15 17:14:00,정재훈,"네  그럼  나머지는  혹시  카드결제  하려면  
어쩌 해야 하나요?"
2024-04-15 17:21:27,캐리골프투어,"현금가 기준이시고
죄송하지만 결제는 현금결제만 가능하세요 ㅠ"
2024-04-15 17:27:54,정재훈,"확정  일정표에  
카드결제시  부가세 별도  라고  써있는데요"
2024-04-15 17:28:04,정재훈,카드가  안되요?
2024-04-15 17:34:33,캐리골프투어,네네 잠시만요
2024-04-15 18:20:13,캐리골프투어,문의주신 부분 안내드립니다. 카드결제시 5% 수수료 포함 1.950.000원 결제진행해주시면 되시고 결제방식은 홈페이지에 결제창 생성후 전달드리면 될것같습니다.
2024-04-15 18:21:01,캐리골프투어,금액 정정드립니다. 1.995.000원입니다.
2024-04-15 18:21:44,정재훈,네  알겠습니다 
2024-04-15 18:21:44,캐리골프투어,채팅 운영시간 안내
2024-04-15 18:21:44,캐리골프투어,지금은 캐리골프투어의 채팅 가능한 시간이 아닙니다. 내용을 남겨주시면 채팅이 가능한 시간에 답변 드리겠습니다.
2024-04-15 18:22:36,정재훈,결제 진행 할수 있도록 해주세요
2024-04-15 18:22:36,캐리골프투어,채팅 운영시간 안내
2024-04-15 18:22:36,캐리골프투어,지금은 캐리골프투어의 채팅 가능한 시간이 아닙니다. 내용을 남겨주시면 채팅이 가능한 시간에 답변 드리겠습니다.
2024-04-15 18:22:37,캐리골프투어,네 결제링크 생성 드리면 될까요?
2024-04-15 18:22:47,캐리골프투어,지금은 캐리골프투어의 채팅 가능한 시간이 아닙니다. 내용을 남겨주시면 채팅이 가능한 시간에 답변 드리겠습니다.
2024-04-15 18:22:47,정재훈,네
2024-04-15 18:22:47,캐리골프투어,채팅 운영시간 안내
2024-04-15 18:23:17,캐리골프투어,네 알겠습니다.생성후 전달드리겠습니다.
2024-04-15 18:23:33,정재훈,네
2024-04-15 18:23:33,캐리골프투어,채팅 운영시간 안내
2024-04-15 18:23:33,캐리골프투어,지금은 캐리골프투어의 채팅 가능한 시간이 아닙니다. 내용을 남겨주시면 채팅이 가능한 시간에 답변 드리겠습니다.
2024-04-15 18:43:40,캐리골프투어,결제창 생성을 위해서 홈페이지 가입(https://www.carrygolftour.com/login) 부탁드립니다.
2024-04-15 18:45:25,정재훈,사진
2024-04-15 18:45:25,캐리골프투어,채팅 운영시간 안내
2024-04-15 18:45:25,캐리골프투어,지금은 캐리골프투어의 채팅 가능한 시간이 아닙니다. 내용을 남겨주시면 채팅이 가능한 시간에 답변 드리겠습니다.
2024-04-15 18:45:33,정재훈,로그인 했습니다 
2024-04-15 18:45:33,캐리골프투어,채팅 운영시간 안내
2024-04-15 18:45:33,캐리골프투어,지금은 캐리골프투어의 채팅 가능한 시간이 아닙니다. 내용을 남겨주시면 채팅이 가능한 시간에 답변 드리겠습니다.
2024-04-15 18:47:05,캐리골프투어,네 확인 감사합니다
2024-04-15 19:16:45,캐리골프투어,"https://www.carrygolftour.com/master/23527
이 링크에서 1명으로 예약 부탁드립니다."
2024-04-15 19:18:29,캐리골프투어,채팅 운영시간 안내
2024-04-15 19:18:29,캐리골프투어,지금은 캐리골프투어의 채팅 가능한 시간이 아닙니다. 내용을 남겨주시면 채팅이 가능한 시간에 답변 드리겠습니다.
2024-04-15 19:18:29,정재훈,"본명이   정남옥  이어서 
정남옥 으로  예약 했습니다 "
2024-04-15 19:19:50,캐리골프투어,네 확인 감사합니다
2024-04-15 19:26:12,캐리골프투어,마이페이지에서 결제 부탁드립니다
2024-04-15 19:26:25,캐리골프투어,사진
2024-04-15 19:26:49,캐리골프투어,상세정보를 누르시고 결제 진행해주시면 되십니다
2024-04-15 19:27:42,정재훈,사진
2024-04-15 19:27:42,캐리골프투어,채팅 운영시간 안내
2024-04-15 19:27:42,캐리골프투어,지금은 캐리골프투어의 채팅 가능한 시간이 아닙니다. 내용을 남겨주시면 채팅이 가능한 시간에 답변 드리겠습니다.
2024-04-15 19:27:50,정재훈,2건이에요?
2024-04-15 19:27:50,캐리골프투어,채팅 운영시간 안내
2024-04-15 19:27:50,캐리골프투어,지금은 캐리골프투어의 채팅 가능한 시간이 아닙니다. 내용을 남겨주시면 채팅이 가능한 시간에 답변 드리겠습니다.
2024-04-15 19:28:25,캐리골프투어,1건만 결제해주시면 됩니다
2024-04-15 19:28:34,정재훈,네
2024-04-15 19:28:34,캐리골프투어,채팅 운영시간 안내
2024-04-15 19:28:34,캐리골프투어,지금은 캐리골프투어의 채팅 가능한 시간이 아닙니다. 내용을 남겨주시면 채팅이 가능한 시간에 답변 드리겠습니다.
2024-04-15 19:29:28,캐리골프투어,네 감사합니다
2024-04-15 19:30:48,정재훈,결제 했습니다 
2024-04-15 19:30:48,캐리골프투어,채팅 운영시간 안내
2024-04-15 19:30:48,캐리골프투어,지금은 캐리골프투어의 채팅 가능한 시간이 아닙니다. 내용을 남겨주시면 채팅이 가능한 시간에 답변 드리겠습니다.
2024-04-15 19:33:11,캐리골프투어,네 감사합니다