DATE,USER,MESSAGE
2024-02-21 13:34:56,캐리골프투어,"'캐리골프투어' 입니다.  궁금한 내용이 있으면 메시지를 입력해주세요.
더 이상 채팅을 원치 않으시면 채팅목록에서 '채팅방 나가기'를 해 주세요."
2024-03-03 16:17:41,장남수,"문의사항입니다.
럭셔리특가 2차 행사 4월 30일 출발 상품도 38만원 같은 금액인가요?
5/1일은 노동절이라 금액문의 합니다."
2024-03-03 17:34:20,캐리골프투어,안녕하세요  가격 동일합니다.