DATE,USER,MESSAGE
2024-08-13 17:29:14,미소천사,안녕하세요 
2024-08-13 17:30:45,캐리골프투어,"네 안녕하세요. 이영희님 예약금 800,000원 입금 확인되셨습니다. 
항공명단 확인부탁드립니다^^"
2024-08-13 17:31:20,캐리골프투어,"이영희(대표)  010 4773 5313
선영란 
이정희
박미숙"
2024-08-13 17:31:24,미소천사,저와 둘이체팅방인가요
2024-08-13 17:32:09,캐리골프투어,네 맞습니다 1대1 채팅방입니다.
2024-08-13 17:32:19,미소천사,아네ㅡㅡㅡ
2024-08-13 17:32:38,캐리골프투어,캐리골프투어 채널을 추가하시면 광고와 마케팅 메시지를 카카오톡으로 받아 볼 수 있습니다.
2024-08-13 17:43:52,미소천사,"선영란  661221
"
2024-08-13 17:44:07,미소천사,박미숙 660119
2024-08-13 17:45:11,미소천사,이영희 631123
2024-08-13 17:52:18,캐리골프투어,네 이정희님 정보 부탁드립니다^^
2024-08-13 17:55:50,미소천사,651027
2024-08-13 17:56:50,미소천사,하루전날 모바일탑승권 발급해주시나요
2024-08-13 17:59:21,캐리골프투어,"네 확인 감사합니다.
금일은 예약실이 마감되어서 익일 항공 예약 후 안내드리겠습니다^^"
2024-08-13 17:59:37,미소천사,넹
2024-08-13 18:10:41,캐리골프투어,"1성인(여)선영란   19661221
2성인(여)박미숙   19660119   
3성인(여)이영희   19631123
4성인(여)이정희   19651027"
2024-08-13 18:10:49,캐리골프투어,생년월일 모두 맞으실까요?
2024-08-13 18:36:17,미소천사,넹
2024-08-13 18:36:17,캐리골프투어,채팅 운영시간 안내
2024-08-13 18:36:17,캐리골프투어,지금은 캐리골프투어의 채팅 가능한 시간이 아닙니다. 내용을 남겨주시면 채팅이 가능한 시간에 답변 드리겠습니다.
2024-08-13 18:36:29,캐리골프투어,네 확인 감사합니다^^
2024-08-14 15:31:43,캐리골프투어,안녕하세요 확정서 안내드립니다.
2024-08-14 15:31:54,캐리골프투어,사진
2024-08-14 15:32:27,캐리골프투어,"항공사명 : 진에어
노선(편명) : 대구-제주(LJ421)
탑승일시 : 2024.09.11 07:45
예약번호 : K245Y8
탑승자명 : 선영란(성인),박미숙(성인),이영희(성인),이정희(성인)

항공사명 : 티웨이항공
노선(편명) : 제주-대구(TW818)
탑승일시 : 2024.09.12 18:30
예약번호 : A4J28S
탑승자명 : 선영란(성인),박미숙(성인),이영희(성인),이정희(성인)"
2024-08-14 15:33:01,캐리골프투어,"https://oz.checkin.si.amadeus.net/static/PRD/OZ/#/paxList

위 사이트에서 예약번호 조회하시고 체크인하시거나 공항 도착하셔서 예약번호 출력하시면 되십니다."
2024-08-14 15:34:07,미소천사,네넹  ㅡㅡ
2024-08-14 15:34:21,캐리골프투어,네 좋은하루 되세요 감사합니다^^
2024-08-14 15:59:15,캐리골프투어,"진에어
예약번호 : K245Y8
https://www.jinair.com/checkin/checkinList

티웨이
예약번호 : A4J28S
https://www.twayair.com/app/reservation/searchCheckinItinerary"
2024-08-14 15:59:45,캐리골프투어,사이트에서 예약번호 조회하시려면 각 항공사 사이트 들어가셔서 조회하시면 되십니다^^
2024-08-15 15:17:47,미소천사,회원가입하면 2만포인트 회원가입했는데용
2024-08-15 15:17:50,미소천사,지금
2024-08-16 10:21:06,캐리골프투어,"안녕하세요 회원가입 확인 되셨습니다.
20,000포인트 넣어드렸습니다.
이번 예약건에서 20,000포인트 모두 사용 원하실까요?"
2024-09-03 10:05:49,미소천사,11일날 프렌즈 렌트카   카니발운전버거워요 쏘렌토나 싼타페 신형으로부탁합니다
2024-09-03 10:10:13,캐리골프투어,안녕하세요 확인 후 안내드리도록 하겠습니다^^
2024-09-03 10:10:51,미소천사,깨끗한차부탁해요 친구하나가 별나서 
2024-09-03 10:12:47,캐리골프투어,네 알겠습니다^^
2024-09-03 10:13:38,미소천사,저희가 렌트하면 카니발이 더비싸거든요 싼타페보다  
2024-09-03 10:13:43,미소천사,4세대
2024-09-03 10:14:29,캐리골프투어,네 알겠습니다. 확인 후 안내드리도록 하겠습니다^^
2024-09-03 12:03:08,캐리골프투어,확인 결과 4인이셔서 쏘렌토에 백 4개 못실으실 것 같습니다. 싼타페는 더 작습니다.
2024-09-03 13:06:37,미소천사,쏘렌토어 실어요 싼타페도실어요
2024-09-03 21:22:44,미소천사,"밤늦게죄송합니다 
오늘 케리골프로예약해서 에버리스 골프치고 호텔왔는데 
최악이에요 페어웨이  완전 민둥산이고  호텔도 화학냄새에 머리가아파요
제가주선해서오는데  걱정이태산입니다 골프장이야 그렇다지만 호텔은 에어시티나 글로스타호텔정도로 부탁합니다 저희랑조인한팀은 같은가격에 에어시티호텔이든데  저희는 신신호텔 넘최악이에요 제발부탁합ㄴ다
매번남편이 케리에 장팀장 여자분한테 예약해서 제주도몇번이나왔는데 그때는 글로스타해주셨는데 오늘은 넘아니에요"
2024-09-03 21:22:44,캐리골프투어,채팅 운영시간 안내
2024-09-03 21:22:44,캐리골프투어,지금은 캐리골프투어의 채팅 가능한 시간이 아닙니다. 내용을 남겨주시면 채팅이 가능한 시간에 답변 드리겠습니다.
2024-09-03 21:29:23,캐리골프투어,"정말 죄송합니다. 우선 빠른 조치 드리도록겠습니다.
일단 변경 가능한 호텔 있는 지 확인 후 말씀드리겠습니다. 죄송합니다."
2024-09-03 21:34:45,미소천사,일주일이나 남았으니 꼭 변경부탁합니다 밤늦게 죄송하고 감사합니다 
2024-09-03 21:34:45,캐리골프투어,채팅 운영시간 안내
2024-09-03 21:34:45,캐리골프투어,지금은 캐리골프투어의 채팅 가능한 시간이 아닙니다. 내용을 남겨주시면 채팅이 가능한 시간에 답변 드리겠습니다.
2024-09-03 21:43:06,캐리골프투어,"더 윈호텔이 전화상으로는 객실 있는 것으로 확인 되는데
예약하고 노쇼하면 안된다고 하셔서 호텔로 가보시고, 괜찮으시면 일반가 80,000원 저희가 계좌로 송금해드리도록하겠습니다. 불편을 드려 죄송합니다. 현재 계시는 숙소와는 차로 6분거리입니다."
2024-09-03 21:43:22,캐리골프투어,https://naver.me/5PSOyyq2
2024-09-03 21:44:20,캐리골프투어,주변 다른 호텔들은 만실입니다.
2024-09-03 21:48:29,미소천사,"여기보다는 나을것같아요
그런데 주차가문제라는데 어째요  추가요금  부담은 누가한다는거에요
"
2024-09-03 21:48:29,캐리골프투어,채팅 운영시간 안내
2024-09-03 21:48:29,캐리골프투어,지금은 캐리골프투어의 채팅 가능한 시간이 아닙니다. 내용을 남겨주시면 채팅이 가능한 시간에 답변 드리겠습니다.
2024-09-03 21:50:38,캐리골프투어,"추가 요금은 더윈 호텔에서 괜찮으시면 결제를 먼저 해주시고 계좌로 저희가 송금 드리도록 하겠습니다. 
주차는 호텔 지하 주차장에 주차하시면 되십니다."
2024-09-03 21:51:21,미소천사,에어시티나 글로스타로 변경좀해주세요
2024-09-03 21:51:21,캐리골프투어,채팅 운영시간 안내
2024-09-03 21:51:21,캐리골프투어,지금은 캐리골프투어의 채팅 가능한 시간이 아닙니다. 내용을 남겨주시면 채팅이 가능한 시간에 답변 드리겠습니다.
2024-09-03 21:51:48,미소천사,에효
2024-09-03 21:51:48,캐리골프투어,채팅 운영시간 안내
2024-09-03 21:51:48,캐리골프투어,지금은 캐리골프투어의 채팅 가능한 시간이 아닙니다. 내용을 남겨주시면 채팅이 가능한 시간에 답변 드리겠습니다.
2024-09-03 21:51:58,캐리골프투어,죄송하지만 확인 결과 에어시티와 글로스터는 만실입니다.
2024-09-03 21:53:58,미소천사,8월에 휴가도 케리에서하고 9월에도 두번이나  10 월에부부모임올건데  다른사람하고 바꿔죠요 조인팀은 에어시티해주셨드만 왜그래요
2024-09-03 21:53:58,캐리골프투어,채팅 운영시간 안내
2024-09-03 21:53:58,캐리골프투어,지금은 캐리골프투어의 채팅 가능한 시간이 아닙니다. 내용을 남겨주시면 채팅이 가능한 시간에 답변 드리겠습니다.
2024-09-03 22:18:46,미소천사,"부장님 업무시간도아닌데 정말죄송해요 일단 낼업무시간에 알아보시고 변경부탁합니다 죄송합니다 
"
2024-09-03 22:18:46,캐리골프투어,채팅 운영시간 안내
2024-09-03 22:18:46,캐리골프투어,지금은 캐리골프투어의 채팅 가능한 시간이 아닙니다. 내용을 남겨주시면 채팅이 가능한 시간에 답변 드리겠습니다.
2024-09-03 22:20:12,캐리골프투어,내일 비행기 타시는 1박2일 일정 아니실까요?
2024-09-03 22:22:08,캐리골프투어,11일 일정의 호텔은 내일 확인 후 안내드리도록 하겠습니다.
2024-09-03 22:27:00,미소천사,네 네  추석전이라 호텔 많을거에요 맞아요 11일꺼 여자들오는거 신경쓰여서그래요   오늘이야기하신줄 아셨어요?  일단 밤늦게죄송합니다 
2024-09-03 22:27:00,캐리골프투어,채팅 운영시간 안내
2024-09-03 22:27:00,캐리골프투어,지금은 캐리골프투어의 채팅 가능한 시간이 아닙니다. 내용을 남겨주시면 채팅이 가능한 시간에 답변 드리겠습니다.
2024-09-03 22:30:51,캐리골프투어,"네 호텔 상태가 좋지 않다고 말씀 주셔서 
저희가 변경 드리고 싶어서 말씀 드렸었습니다^^
익일 11일 호텔 변경 확인 후 안내드리도록 하겠습니다.
에버리스 부킹이신데 구장도 확인 후 안내드리면 될까요? 저희도 불편을 드려 대단히 죄송합니다."
2024-09-03 22:32:52,캐리골프투어,"11일 에버리스, 12일 아덴힐 부킹이셔서요^^"
2024-09-03 22:34:45,미소천사,"네네  혼란스럽게해서 죄송합니다 
오늘은 아무리안좋아도 바꿔달라할만큼 별난사람아니에요  11일날 친구들오는게 신경쓰여 미리숙소 옮겨주시라고 톡한겁니다    어쨋든 죄송해요 
에버리스 골프장상태 한번알아보고시고 낼연락주세요
안녕히주무세요"
2024-09-03 22:34:45,캐리골프투어,채팅 운영시간 안내
2024-09-03 22:34:45,캐리골프투어,지금은 캐리골프투어의 채팅 가능한 시간이 아닙니다. 내용을 남겨주시면 채팅이 가능한 시간에 답변 드리겠습니다.
2024-09-03 22:36:37,캐리골프투어,"네 알겠습니다. 11일 일정 숙소와 구장 상태 확인 후 익일 회신 드리도록 하겠습니다. 미흡했던 점 정말 죄송합니다.
편안한 밤 보내세요 감사합니다^^"
2024-09-04 09:48:33,캐리골프투어,안녕하세요 혹시 원하시는 구장 있으실까요?
2024-09-04 10:01:54,미소천사,"안녕하세요 
아덴힐은조아요"
2024-09-04 10:03:40,미소천사,에버리스 최악이에요 캐디들도인정하는곳  케슬렉스 타미우스 한라산 크라운  이중부탁합니다
2024-09-04 10:04:35,캐리골프투어,"네 알겠습니다. 캐슬렉스와 타미우스도 구장이 별로라는 피드백이 있어서 한라산, 크라운 중으로 변경 드려도 될까요?"
2024-09-04 10:12:09,미소천사,네넹  한라산으로요 감사합니다 
2024-09-04 10:17:25,캐리골프투어,네 한라산으로 변경 드리도록 하겠습니다 감사합니다^^
2024-09-04 10:19:02,미소천사,감사합니다 
2024-09-04 10:20:01,캐리골프투어,네 감사합니다^^
2024-09-04 10:29:10,캐리골프투어,"확인해보니 한라산이 10일에 에어레이션 작업 때문에 
구장 상태가 별로 좋지 않을 것 같습니다. 크라운으로 변경 드려도 될까요?"
2024-09-04 10:50:53,미소천사,ㅠㅠ
2024-09-04 10:52:10,미소천사,상관없어요.그냥 한라산으로 잡아주세요~~ 
2024-09-04 10:52:46,캐리골프투어,네 알겠습니다. 한라산으로 변경드리도록 하겠습니다^^
2024-09-04 15:36:58,캐리골프투어,사진
2024-09-04 15:37:43,캐리골프투어,"호텔과 구장 변경한 확정서 안내드립니다.
자차보험은 현장 결제시고 40,000원 이십니다^^"
2024-09-04 15:40:02,미소천사,감사합니다 
2024-09-04 15:44:51,캐리골프투어,네 좋은하루 되세요. 감사합니다^^
2024-09-07 17:36:44,캐리골프투어,"안녕하세요 780,000원 입금 확인하였습니다. 감사합니다^^"
2024-09-07 17:44:51,미소천사,감사합니다 
2024-09-11 18:53:57,미소천사,저희들 낼 비행기 좌석되있나요
2024-09-11 18:53:57,캐리골프투어,채팅 운영시간 안내
2024-09-11 18:53:57,캐리골프투어,지금은 캐리골프투어의 채팅 가능한 시간이 아닙니다. 내용을 남겨주시면 채팅이 가능한 시간에 답변 드리겠습니다.
2024-09-13 14:07:44,캐리골프투어,"안녕하세요 여행 어떠셨을까요?
구장 상태나 숙소 상태 등
불편한 점은 없으셨을까요?"
2024-09-13 14:09:57,미소천사,진짜 진짜 대만족이었요 감사합니다 동반자들도 넘조아하구요
2024-09-13 14:13:22,캐리골프투어,여행을 만족스럽게 즐기셨다니 정말 기쁩니다. 동반자분들도 좋아하셨다니 더욱 뿌듯하네요. 앞으로도 더 좋은 서비스로 보답하겠습니다. 언제든지 또 문의사항이나 요청사항이 있으시면 말씀해 주세요. 감사합니다^^
2024-09-13 14:16:53,미소천사,네넹 즐거운명절보내세요
2024-09-13 14:21:45,캐리골프투어,네 풍성한 한가위 되세요. 감사합니다^^
2024-09-21 14:48:50,미소천사,10월에 한라산 크라운 1박2일 올포함 상품있을까요
2024-09-21 15:20:36,캐리골프투어,네 확인해서 안내드리겠습니다.
2024-09-23 09:13:30,캐리골프투어,안녕하세요. 패키지 상품 있는 것으로 확인 됩니다. 정확한 일정 주시면 견적 확인 후 안내드리도록 하겠습니다^^
2024-09-23 10:55:36,미소천사,의논해보고 연락드릴께요 
2024-09-23 13:35:14,캐리골프투어,네 알겠습니다. 감사합니다^^
2024-11-25 16:19:32,미소천사,사진
2024-11-25 16:19:45,미소천사,혹시 이런상품있을까요
2024-11-25 16:35:20,미소천사,아니면 2박3일 올포함이런거 착한가격 알아봐주세요
2024-11-25 16:39:47,캐리골프투어,안녕하세요^^ 일정이 어떻게 되실까요?
2024-11-25 16:40:19,미소천사,12월에16ㅡ18일요
2024-11-25 17:33:11,캐리골프투어,네 확인 감사합니다. 견적 확인 후 안내드리도록 하겠습니다^^
2024-11-25 18:15:10,캐리골프투어,"*상품구성 :
■항공 :
12/16(월) 09:10 출발
12/18(수) 17:35 출발

■12/16(월) 라헨느cc 12:13
■12/17(화) 샤인빌cc 08시대
■12/18(수) 스프링데일cc 08:54
■12/16(월) 체크인 서귀포 브릿지호텔 스탠다드 트윈 2객실 2박 [룸온리]
■ 카니발(자차포함) 
12/16(월) 10:30 공항주차장 수령
12/18(수) 16:30 공항주차장 반납

포함 : 
- 18홀 3회 그린피
- 호텔
- 렌트카
- 항공

불포함 : 
- 카트비
- 캐디피 
- 전일정 식사


1인 견적가:  530,000원

   예약금 입금안내 >>>>>>>>>>>>>>>

①예약금
- 800,000원 (1인 200,000원×4)

- 예약금 결제일 : ~12월26일

- 잔   금 결제일 : ~예약완료후 확정서 발송일
②잔   금 : 
- 1,320,000원
* 입출금 내역이 많아 송금후 연락부탁드립니다.

③총   액 : 
① + ② = 2,120,000원


입금계좌 :
680401-00-036929 국민은행 캐리골프투어"
2024-11-25 18:15:17,캐리골프투어,견적 안내드립니다^^
2024-11-25 18:23:42,캐리골프투어,가성비 좋고 상태 좋은 구장과 호텔로 견적 안내드렸습니다^^
2024-11-25 18:55:26,미소천사,이게낫네  케리골프
2024-11-25 18:55:26,캐리골프투어,채팅 운영시간 안내
2024-11-25 18:55:26,캐리골프투어,지금은 캐리골프투어의 채팅 가능한 시간이 아닙니다. 내용을 남겨주시면 채팅이 가능한 시간에 답변 드리겠습니다.
2024-11-26 14:01:35,캐리골프투어,안녕하세요. 견적 안내드립니다^^
2024-11-26 14:01:36,캐리골프투어,"*상품구성 :
■항공 :
12/16(월) 09:10 출발
12/18(수) 17:35 출발

■12/16(월) 라헨느cc 12:13
■12/17(화) 오라cc 대중제 08:20
■12/18(수) 시에나cc 07:54
■12/16(월) 제주 글로스터호텔 스탠다드 트윈 2객실 2박 [룸온리] 
■ 카니발(자차포함) 
12/16(월) 10:30 공항주차장 수령
12/18(수) 16:30 공항주차장 반납

포함 : 
- 18홀 3회 그린피
- 호텔
- 렌트카
- 항공

불포함 : 
- 카트비
- 캐디피 
- 전일정 식사


1인 견적가:  580,000원

   예약금 입금안내 >>>>>>>>>>>>>>>

①예약금
- 800,000원 (1인 200,000원×4)

- 예약금 결제일 : ~12월26일

- 잔   금 결제일 : ~예약완료후 확정서 발송일
②잔   금 : 
- 1,440,000원
* 입출금 내역이 많아 송금후 연락부탁드립니다.

③총   액 : 
① + ② = 2,240,000원


입금계좌 :
680401-00-036929 국민은행 캐리골프투어"