DATE,USER,MESSAGE
2024-03-06 12:16:29,조민우,조인도 가능한지요 
2024-03-06 12:17:02,캐리골프투어,네 안녕하세요  조인 가능합니다.
2024-03-06 12:17:04,캐리골프투어,날ㅈ
2024-03-06 12:17:15,캐리골프투어,날짜가 언제이실까요?
2024-03-06 12:17:41,조민우,18일
2024-03-06 12:19:16,캐리골프투어,네 3/18일 1/2부 언제가 편하실까요?
2024-03-06 12:21:09,조민우,선택 가능한가요 
2024-03-06 12:21:52,조민우,"18일 오라2부
19일 블랙1부
로 되어있던데"
2024-03-06 12:24:25,캐리골프투어,사진
2024-03-06 12:24:34,캐리골프투어,보신 상품이 이상품 맞으실까요?
2024-03-06 12:24:45,조민우,네.
2024-03-06 12:25:35,캐리골프투어,네 가능하신데 18일 일정만 조인가능하세요
2024-03-06 12:25:54,캐리골프투어,18.19일정으로 진행 가능합니다.
2024-03-06 12:26:14,캐리골프투어,19.20일정은 마감되었습니다.
2024-03-06 12:26:36,캐리골프투어,조인자는 부부입니다.
2024-03-06 12:27:19,조민우,18.19일정 시간은 어떻게 되나요
2024-03-06 12:27:39,캐리골프투어,"✅일자별 내용
✴️3/18 메종글래드 호텔 (디럭스 2인 1실)
✴️3/18 오라 대중제 2부(12~13)
✴️3/19 블랙스톤 1부(07~08시)"
2024-03-06 12:27:55,캐리골프투어,네 세부일정은 위와 같습니다.
2024-03-06 12:35:46,캐리골프투어,사진
2024-03-06 12:36:06,캐리골프투어,견적서 보내드립니다.
2024-03-06 13:38:19,캐리골프투어,고객님 죄송하지만 롯데스카이힐+ 블랙스톤 상품은 확인 결과 좀 전에 4/29일 출발 완판되었고 4/22일 1팀만 가능하신 상태입니다.
2024-03-06 14:27:21,캐리골프투어,사진
2024-03-06 14:28:09,캐리골프투어,고객님 요청주신건 4/22일  1팀(4인) 일정표 보내드립니다.