DATE,USER,MESSAGE
2024-03-02 19:31:39,캐리골프투어,"'캐리골프투어' 입니다.  궁금한 내용이 있으면 메시지를 입력해주세요.
더 이상 채팅을 원치 않으시면 채팅목록에서 '채팅방 나가기'를 해 주세요."
2024-03-02 19:33:31,안길정,"블랙스톤 스카이힐 문의드립니다
22일 마감이라고 써있는데..
혹시나 2인 브랙스톤+스카이힐 회원제 코스로
조인 가능한지 문의드립니다"
2024-03-02 19:33:31,캐리골프투어,채팅 운영시간 안내
2024-03-02 19:33:31,캐리골프투어,지금은 캐리골프투어의 채팅 가능한 시간이 아닙니다. 내용을 남겨주시면 채팅이 가능한 시간에 답변 드리겠습니다.
2024-03-02 22:31:11,캐리골프투어,"네 안녕하세요 22일은 마감되었네요

4월 23-24일 / 28-30일 /30-1일 접수 가능합니다."
2024-03-02 22:31:51,캐리골프투어,"정정 드립니다. 
4월 23-24일 / 29-30일 /30-1일 접수 가능합니다."
2024-03-04 17:15:59,캐리골프투어,"23.24일 완판되었습니다. 
29.30일 일정 가능합니다."