DATE,USER,MESSAGE
2024-10-05 06:56:56,임병완,안녕하세요? 태국 12월에 1주일에서 10일정도 골프 여행을 계획하고 있는 부부입니다. 관련한 상품이 있는지요?
2024-10-05 06:56:56,캐리골프투어,채팅 운영시간 안내
2024-10-05 06:56:57,캐리골프투어,지금은 캐리골프투어의 채팅 가능한 시간이 아닙니다. 내용을 남겨주시면 채팅이 가능한 시간에 답변 드리겠습니다.
2024-10-05 11:43:37,캐리골프투어,안녕하세요. 혹시 태국 지역 중 원하시는 지역 있으실까요?
2024-10-05 13:03:44,임병완,특별히 원하는 곳은 없구요. 가성비 좋은 조건이면 어디든 상관없습니다. 태국 이외의 국가도 상관없구요.
2024-10-05 13:05:15,캐리골프투어,네 확인 감사합니다. 정확한 일정 남겨주시면 차주에 해당 일정의 견적 확인 후 안내드리도록 하겠습니다^^
2024-10-05 13:05:46,임병완,12월3일 출발-12월 9일도착
2024-10-05 13:06:06,임병완,일정은 항공편에 따라 변경가능합니다.
2024-10-05 13:06:24,캐리골프투어,"네 확인 감사합니다. 
차주에 견적 확인 후 안내드리도록 하겠습니다^^"
2024-10-05 13:06:34,임병완,감사합니다.
2024-10-08 17:12:06,캐리골프투어,안녕하세요. 견적 안내드립니다^^
2024-10-08 17:14:14,캐리골프투어,"*상품구성 :
■12/03(화) 프라우드 호텔 5박
■12/04(수) 그린우드, 파타비아, 푸탈루앙, 파리차, 파타야 중 랜덤배정
■12/05(목) 그린우드, 파타비아, 푸탈루앙, 파리차, 파타야 중 랜덤배정
■12/06(금) 그린우드, 파타비아, 푸탈루앙, 파리차, 파타야 중 랜덤배정
■12/07(토) 그린우드, 파타비아, 푸탈루앙, 파리차, 파타야 중 랜덤배정
■12/08(일) 그린우드, 파타비아, 푸탈루앙, 파리차, 파타야 중 랜덤배정

포함 : 
- 호텔료 5박
- 18홀 5회 그린피

불포함 :
- 카트,캐디 1인 18홀 1200바트
- 캐디팁 1인 18홀 300바트추천 
- 개인일정비용 
- 여행자보험
- 항공료 
- 미팅 샌딩 2인기준 1인 $120


1인 견적가: 670,000 원


   예약금 입금안내 >>>>>>>>>>>>>>>


①예약금
- 400,000원 (1인 200,000원×2)

- 예약금 결제일 : ~10월08일

- 잔   금 결제일 : ~예약완료후 확정서 발송일
②잔   금 : 
- 940,000원
* 입출금 내역이 많아 송금후 연락부탁드립니다.

③총   액 : 
① + ② = 1,340,000원

입금계좌 :
680401-00-036929 국민은행 캐리골프투어"
2024-10-08 17:22:30,임병완,감사합니다. 공항은 돈무앙 공항인가요? 아님 수완나폼 공항인가요? 청주공항을 이용하려하는데 청주에서는 돈무앙 공항 직항이 있네요.
2024-10-08 17:27:54,캐리골프투어,"네 수완나폼 공항 맞습니다.
청주 출발은 돈무앙 직항만 있으십니다.
돈무앙 공항 직행으로 하시면
4~50분 정도 더 이동하시고, 미팅, 샌딩비도 $150로 30불 추가되십니다^^"