DATE,USER,MESSAGE
2024-03-04 19:33:57,캐리골프투어,"'캐리골프투어' 입니다.  궁금한 내용이 있으면 메시지를 입력해주세요.
더 이상 채팅을 원치 않으시면 채팅목록에서 '채팅방 나가기'를 해 주세요."
2024-03-04 19:34:08,이장원,안녕하세요
2024-03-04 19:34:08,캐리골프투어,채팅 운영시간 안내
2024-03-04 19:34:08,캐리골프투어,지금은 캐리골프투어의 채팅 가능한 시간이 아닙니다. 내용을 남겨주시면 채팅이 가능한 시간에 답변 드리겠습니다.
2024-03-04 19:43:33,캐리골프투어,네 안녕하세요
2024-03-04 19:43:48,캐리골프투어,어떤 상품 문의이실까요?
2024-03-04 19:43:59,이장원,4/25 하루 블랙스톤 이나 테디벨리
2024-03-04 19:43:59,캐리골프투어,채팅 운영시간 안내
2024-03-04 19:43:59,캐리골프투어,지금은 캐리골프투어의 채팅 가능한 시간이 아닙니다. 내용을 남겨주시면 채팅이 가능한 시간에 답변 드리겠습니다.
2024-03-04 19:44:03,이장원,예약 가능한가요?
2024-03-04 19:44:03,캐리골프투어,채팅 운영시간 안내
2024-03-04 19:44:03,캐리골프투어,지금은 캐리골프투어의 채팅 가능한 시간이 아닙니다. 내용을 남겨주시면 채팅이 가능한 시간에 답변 드리겠습니다.
2024-03-04 19:48:25,캐리골프투어,네 4/25일 구장 부킹만 필요하신가요?
2024-03-04 19:48:41,캐리골프투어,채팅 운영시간 안내
2024-03-04 19:48:41,캐리골프투어,지금은 캐리골프투어의 채팅 가능한 시간이 아닙니다. 내용을 남겨주시면 채팅이 가능한 시간에 답변 드리겠습니다.
2024-03-04 19:48:41,이장원,넵 맞습니다
2024-03-04 19:48:56,캐리골프투어,네 4인 이신가요?
2024-03-04 19:49:23,이장원,넵
2024-03-04 19:49:23,캐리골프투어,채팅 운영시간 안내
2024-03-04 19:49:23,캐리골프투어,지금은 캐리골프투어의 채팅 가능한 시간이 아닙니다. 내용을 남겨주시면 채팅이 가능한 시간에 답변 드리겠습니다.
2024-03-04 19:49:42,캐리골프투어,네 내일중 확인후 안내드려도 괜찮으실까요?
2024-03-04 19:49:52,이장원,넵 감사합니다
2024-03-04 19:49:52,캐리골프투어,채팅 운영시간 안내
2024-03-04 19:49:52,캐리골프투어,지금은 캐리골프투어의 채팅 가능한 시간이 아닙니다. 내용을 남겨주시면 채팅이 가능한 시간에 답변 드리겠습니다.
2024-03-04 19:50:20,캐리골프투어,네 알겠습니다. 내일 확인해서 안내드리겠습니다. ~
2024-03-05 11:51:13,캐리골프투어,안녕하세요 4/25 블랙스톤 8시초반 / 12시초반 1인 기준 220.000원 부킹 가능합니다.
2024-03-05 11:56:15,이장원,1시대는 없나요?
2024-03-05 11:56:18,이장원,12시 후반이나
2024-03-05 11:56:49,캐리골프투어,12시 초반 가능합니다.
2024-03-05 11:57:07,이장원,네 부킹 부탁드립니다
2024-03-05 11:57:10,이장원,12시초반대로요 
2024-03-05 11:57:59,캐리골프투어,네 알겠습니다.
2024-03-05 11:58:35,이장원,코스하고 정확한 시간대는 부킹해주시면 알수있는거죠?
2024-03-05 12:00:02,캐리골프투어,네네 그렇습니다.~
2024-03-05 12:00:49,이장원,넵
2024-03-05 12:01:32,캐리골프투어,"계좌안내입니다. >>>>

국민은행 680401-00-036929 캐리골프투어

아래 계좌로 예약금 880.000원 송금 후
송금자명과 명단(성함/성별/대표자 연락처) 취합 부탁드립니다. ~"
2024-03-05 12:02:24,이장원,현장결제가 아닌가요?
2024-03-05 12:02:28,이장원,현장결제를 해야해서요
2024-03-05 12:03:08,캐리골프투어,네 현장결제는 어렵습니다.
2024-03-05 14:52:21,이장원,"입금하고 연락드릴게요 ^^ 
감사합니다"
2024-03-05 14:53:07,캐리골프투어,네네 알겠습니다~
2024-03-05 16:16:27,이장원,"아 혹시 우천이라던지 
취소 문제는 어떻게 되어있나요?"
2024-03-05 16:18:07,캐리골프투어,네 입장하시고 골프장에서 우천선언시 골프장 규정에 따라 그린피는 환불됩니다.
2024-03-05 16:18:35,이장원,따로 일주일전 취소 이런건 안되는건가요?
2024-03-05 16:19:34,캐리골프투어,"O 악천후 환불규정
- 악천후로 인해 내장이 불가한 경우 정상 그린피의 60~90%가 환불됩니다.
- 1홀 이상 플레이하는 경우, 상기 환불금에 대해 골프장의 홀정산 기준이 적용됩니다."
2024-03-05 16:21:58,이장원,"- 악천후로 인해 내장이 불가한 경우 정상 그린피의 60~90%가 환불됩니다.

보통 100% 아닌가요?"
2024-03-05 16:22:00,캐리골프투어,일주일 전까지는 취소 가능히며 이후에는 취소불가합니다.
2024-03-05 16:22:08,이장원,넵 
2024-03-05 16:22:47,캐리골프투어,메뉴얼이고 진행후 우천취소시 보통 홀정산으로 진행되기는 합니다.
2024-03-05 16:24:01,캐리골프투어,네네 임장전 우천취소는 100% 환불됩니다.