DATE,USER,MESSAGE
2024-02-29 12:13:20,캐리골프투어,"'캐리골프투어' 입니다.  궁금한 내용이 있으면 메시지를 입력해주세요.
더 이상 채팅을 원치 않으시면 채팅목록에서 '채팅방 나가기'를 해 주세요."
2024-02-29 12:13:56,이원희,3.18   -19  제주 2인  조인 문의드립니다 
2024-02-29 12:14:14,이원희,사진
2024-02-29 12:15:20,이원희,"대구출발 2인입니다
리턴은 수요일  20일로 항공권  변경도 가능한가요"
2024-02-29 12:23:51,캐리골프투어,네 안녕하세요 대구 출발은 별도 견적 확인해봐드려야 합니다.
2024-02-29 12:24:09,이원희,견적 부탁드립니다 
2024-02-29 12:24:16,캐리골프투어,네 점심시간 이후 확인해드려도 괜찮을실까요?
2024-02-29 12:24:29,이원희,네 여유있게 부탁드립니다 
2024-02-29 12:24:38,캐리골프투어,네네 감사합니다. ~
2024-02-29 16:19:19,이원희,확인부탁드립니다 
2024-02-29 16:20:29,캐리골프투어,네 잠시만요
2024-02-29 16:22:37,캐리골프투어,출발은 19일 선택이시죠?
2024-02-29 16:22:55,이원희,18일 입니다
2024-02-29 16:23:04,캐리골프투어,네네 18 출발 리턴 20일 이시네요
2024-02-29 16:23:11,이원희,네
2024-02-29 16:23:55,캐리골프투어,네 알겠습니다.
2024-02-29 16:32:52,캐리골프투어,"아시아나
3/18 대구제주 09:20
3/20 제주대구 17:15

1인 546,000원 * 2 = 1.902,000원

현재 가능합니다."
2024-02-29 16:33:17,캐리골프투어,"아시아나
3/18 대구제주 09:20
3/20 제주대구 17:15

1인 546,000원 * 2 = 1.092,000원

현재 가능합니다."
2024-02-29 16:33:49,캐리골프투어,혹시 19일은 어려우실까요?
2024-02-29 16:34:26,이원희,잠시만요
2024-02-29 16:38:56,캐리골프투어,19인은 대기중인 저희 부부조인팀이 있어서 바로 조인완료가 가능합니다.
2024-02-29 16:40:49,이원희,18일 일정이 계획되어 확인 하고 있습니다 
2024-02-29 16:41:09,캐리골프투어,네네
2024-02-29 16:48:05,캐리골프투어,"티웨이 
3/19 대구제주 09:10
3/20 제주대구 19:10
1인 547,000원 + * 2 = 1.094,000원

19일 출발은 현재 좌석이 4좌석뿐입니다."
2024-02-29 16:48:21,캐리골프투어,참고로 보내드립니다.
2024-02-29 17:00:22,이원희,2인기준 항공권 포함 모든 금액이 1094000 인가요?
2024-02-29 17:01:15,캐리골프투어,네 맞습니다.
2024-02-29 17:01:37,캐리골프투어,항공 골프 숙박 렌트 포함입니다.
2024-02-29 17:30:38,이원희,18일 조인 부탁드려봅니다 
2024-02-29 17:40:49,캐리골프투어,"네 감사합니다
우선 해당패키지 상품 조인대기요청후 금주중 기다려보고 조인여부에 따라 진행해야 될것
같습니다.

진행하신다고 하시면
예약금 20만원 입금후 
조인대기자정보(성함/성별/연령/타수) 보내주시면  등록후 다음주초에 조인여부 연락드리겠습니다

조인실패시 예약금은 전액 반환드릴예정입니다. 

계좌안내입니다.>
국민 캐리골프투어 680401-00-036929"
2024-02-29 17:42:50,이원희,네 알겠습니다 
2024-02-29 17:48:34,이원희,입금했습니다 
2024-02-29 17:49:30,캐리골프투어,네 20만원 입금 확인되셨습니다.
2024-02-29 17:49:32,이원희,이원희 남 50초 보기플레이
2024-02-29 17:49:51,이원희,연락은 지금처럼 카톡으로 부탁드립니다 
2024-02-29 17:50:13,캐리골프투어,네 동반자 분 정보도 부탁드립니다.
2024-02-29 17:50:48,캐리골프투어,죄송하지만 연락처가 있어야 접수가 가능합니다.
2024-02-29 17:51:46,이원희,01045642377  입니다
2024-02-29 17:51:57,캐리골프투어,네 확인 감사합니다.
2024-03-04 09:58:18,캐리골프투어,안녕하세요 동반자분 성함 / 성별 확인 부탁드립니다.
2024-03-04 10:58:35,이원희,김미옥 여
2024-03-04 10:58:39,이원희,입니다
2024-03-04 11:07:07,캐리골프투어,네 화인 감사합니다.
2024-03-04 11:07:44,이원희,월욜 18일 일정 진행하는건가요
2024-03-04 11:09:44,캐리골프투어,네 한팀 자리 빼서 조인접수는 넣어놨습니다.  금주중 조인상황 회신드리도록 하겠습니다.
2024-03-04 11:10:18,이원희,네  알겠습니다 
2024-03-07 14:12:47,이원희,안녕하세요 
2024-03-07 14:13:02,이원희,조인 진행중인거죠?
2024-03-07 14:14:06,이원희,진행내용 부탁드립니다 
2024-03-07 14:14:35,캐리골프투어,네 안녕하세요 확인 후 안내드리겠습니다.
2024-03-07 14:15:09,이원희,네 감사합니다 
2024-03-07 14:19:06,캐리골프투어,네네 감사합니다 ~
2024-03-07 14:28:40,캐리골프투어,아직 조인전입니다. 내일까지 기다려보고 말씀드려야할것 같습니다
2024-03-07 14:29:16,이원희,최종 조인불가시 화요일출발은 가능한가요?
2024-03-07 14:36:09,캐리골프투어,네 화요일도 어렵습니다.
2024-03-07 14:37:10,캐리골프투어,19일 대기중이던 해당팀 조인이 되어서요 죄송합니다.
2024-03-07 14:38:27,이원희,기다려 봐야겠네요
2024-03-07 14:39:20,캐리골프투어,네네 내일까지  기다려보셔야 할것 같습니다.
2024-03-07 15:09:45,이원희,일정에 혹시 조인가능한곳 있으면 부탁드립니다 
2024-03-07 15:10:14,캐리골프투어,네네 알겠습니다.
2024-03-07 15:15:31,캐리골프투어,내일까지 함 같이 해보시죠
2024-03-07 15:15:52,캐리골프투어,여기저기 오려놨습니다.
2024-03-07 15:15:58,이원희,네 감사합니다 
2024-03-07 15:16:19,캐리골프투어,네네 감사합니다~^^
2024-03-07 17:49:33,캐리골프투어,고객님 조인완료 되셨습니다.
2024-03-07 17:50:05,캐리골프투어,항공은 따로 발권하셨나요?
2024-03-07 17:50:46,캐리골프투어,렌트카 배정시간때문에 항공 시간 확인 부탁드립니다.
2024-03-07 17:52:34,이원희,항공까지 부탁드립니다 
2024-03-07 17:55:29,이원희,"아시아나
3/18 대구제주 09:20
3/20 제주대구 17:15

1인 546,000원 * 2 = 1.092,000원

현재 가능합니다."
2024-03-07 18:02:36,이원희,레트카는 20일 까지 사용가능할까요?
2024-03-07 18:02:36,캐리골프투어,채팅 운영시간 안내
2024-03-07 18:02:36,캐리골프투어,지금은 캐리골프투어의 채팅 가능한 시간이 아닙니다. 내용을 남겨주시면 채팅이 가능한 시간에 답변 드리겠습니다.
2024-03-07 18:03:58,캐리골프투어,네 렌트카 사용 가능하시고 항공 확인해보겠습니다
2024-03-07 18:04:35,이원희,아님 항공은 제가 해도 되는데 저도 알아볼게요
2024-03-07 18:04:35,캐리골프투어,채팅 운영시간 안내
2024-03-07 18:04:35,캐리골프투어,지금은 캐리골프투어의 채팅 가능한 시간이 아닙니다. 내용을 남겨주시면 채팅이 가능한 시간에 답변 드리겠습니다.
2024-03-07 18:05:02,캐리골프투어,네네 알겠습니다
2024-03-07 18:10:36,캐리골프투어,https://mtour.interpark.com/air/Landing?sns_seq=1637143
2024-03-07 18:11:04,캐리골프투어,사진
2024-03-07 18:11:23,캐리골프투어,아시아나 일반석 38만원 나오세요
2024-03-07 18:15:11,캐리골프투어,"아시아나
3/18 대구제주 09:20
3/20 제주대구 17:15

2인 344,000원입니다."
2024-03-07 18:15:22,캐리골프투어,발권 해드릴까요?
2024-03-07 18:15:59,이원희,항공권 은 제가 발귄하겠습니딕
2024-03-07 18:16:00,캐리골프투어,채팅 운영시간 안내
2024-03-07 18:16:00,캐리골프투어,지금은 캐리골프투어의 채팅 가능한 시간이 아닙니다. 내용을 남겨주시면 채팅이 가능한 시간에 답변 드리겠습니다.
2024-03-07 18:16:08,이원희,감사합니다 
2024-03-07 18:16:09,캐리골프투어,채팅 운영시간 안내
2024-03-07 18:16:09,캐리골프투어,지금은 캐리골프투어의 채팅 가능한 시간이 아닙니다. 내용을 남겨주시면 채팅이 가능한 시간에 답변 드리겠습니다.
2024-03-07 18:16:43,캐리골프투어,네네 알겠습니다. ~
2024-03-07 18:17:27,이원희,도착은 1025  분입니다
2024-03-07 18:17:27,캐리골프투어,채팅 운영시간 안내
2024-03-07 18:17:27,캐리골프투어,지금은 캐리골프투어의 채팅 가능한 시간이 아닙니다. 내용을 남겨주시면 채팅이 가능한 시간에 답변 드리겠습니다.
2024-03-07 18:20:09,캐리골프투어,네 확인 감사합니다.~
2024-03-07 18:57:17,캐리골프투어,"고객님 3일차 3/20일은 골프,렌트,숙박은 필요없으시고 자유일정이신가요?"
2024-03-07 18:59:14,이원희,렌트는 필요합니다
2024-03-07 18:59:14,캐리골프투어,채팅 운영시간 안내
2024-03-07 18:59:14,캐리골프투어,지금은 캐리골프투어의 채팅 가능한 시간이 아닙니다. 내용을 남겨주시면 채팅이 가능한 시간에 답변 드리겠습니다.
2024-03-07 19:03:22,캐리골프투어,네 렌트만 1일 연장드리면 될까요?
2024-03-07 19:05:03,캐리골프투어,항공 리턴 시간은  알 수 있을까요?
2024-03-07 19:06:05,이원희,1715입니다
2024-03-07 19:06:05,캐리골프투어,채팅 운영시간 안내
2024-03-07 19:06:05,캐리골프투어,지금은 캐리골프투어의 채팅 가능한 시간이 아닙니다. 내용을 남겨주시면 채팅이 가능한 시간에 답변 드리겠습니다.
2024-03-07 19:06:28,이원희,차량은 승용가능한가요
2024-03-07 19:06:28,캐리골프투어,채팅 운영시간 안내
2024-03-07 19:06:28,캐리골프투어,지금은 캐리골프투어의 채팅 가능한 시간이 아닙니다. 내용을 남겨주시면 채팅이 가능한 시간에 답변 드리겠습니다.
2024-03-07 19:07:06,캐리골프투어,네네 승용으로 배정되실겁니다.~
2024-03-08 16:32:47,캐리골프투어,사진
2024-03-08 16:33:15,캐리골프투어,안녕하세요 확정서 보내드립니다. ~ 확인 후 잔금 확인 부탁드립니다.
2024-03-08 16:34:44,캐리골프투어,"계좌안내입니다.> 잔금 580.000원
국민 캐리골프투어 680401-00-036929"
2024-03-08 16:36:23,이원희,네 알겠습니다 
2024-03-09 18:30:02,캐리골프투어,안녕하세요 고객님 잔금 입금 확인 부탁드립니다.
2024-03-09 19:15:02,이원희,네 알겠습니다 😄 
2024-03-09 19:15:02,캐리골프투어,채팅 운영시간 안내
2024-03-09 19:15:02,캐리골프투어,지금은 캐리골프투어의 채팅 가능한 시간이 아닙니다. 내용을 남겨주시면 채팅이 가능한 시간에 답변 드리겠습니다.
2024-03-11 11:43:36,캐리골프투어,안녕하세요 고객님 잔금 입금 확인 부탁드립니다.
2024-03-11 17:42:15,이원희,네 제가 아직해외 출장인데 낼도착해서  입금하겠습니다 
2024-03-11 18:12:44,캐리골프투어,네 알겠습니다.
2024-03-12 12:51:58,이원희,입금했습니다 
2024-03-12 12:59:52,캐리골프투어,네네 확인 감사합니다. 580.000원 잔금 입금 확인했습니다.
2024-03-13 17:55:57,캐리골프투어,사진
2024-03-13 17:56:25,캐리골프투어,안녕하세요 확정일정표 보내드립니다.
2024-03-13 17:56:36,이원희,네 확인했습니다 
2024-03-13 18:02:01,캐리골프투어,네네 확인 감사합니다
2024-03-18 12:10:53,이원희,안녕하세요 
2024-03-18 12:11:56,이원희,골프 투어 상품 문의
2024-03-18 12:11:56,캐리골프투어(메뉴),"지역(상품명), 일정, 인원수 적어주시면 자세히 상담해 드리겠습니다."
2024-03-18 12:29:39,캐리골프투어,네 안녕하세요
2024-03-18 12:56:48,이원희,운동 시작했습니다
2024-03-18 12:58:07,캐리골프투어,네네 편안한 라운딩 되세요 ~