DATE,USER,MESSAGE
2024-04-30 09:56:52,노철종,핀크스+불랙스톤 1박2일 패키지 6월 4.5일 조인 문의합니다
2024-04-30 10:00:20,캐리골프투어,네 안녕하세요 현재 6월 8일 ~ 9일은 조인 대기자가 있으십니다. 혹시 이 날짜 가능하실까요?
2024-04-30 10:00:50,캐리골프투어,아니시면 예약금 입금하시고 조인 기다리시는 방법도 있습니다.
2024-04-30 10:01:12,캐리골프투어,"우선 해당패키지 상품 조인대기 요청후 기다려보고 조인여부에 따라 진행해야 될것 같습니다.

진행하신다고 하시면
예약금 20만원 입금후 희망하시는 일정과
조인대기자정보(성함/성별/연령/타수) 보내주시면 등록후 조인여부 연락드리겠습니다

조인실패시 예약금은 전액 반환드릴예정입니다.

계좌안내입니다.>
국민 캐리골프투어 680401-00-036929"
2024-04-30 12:27:44,노철종,"6월 4,5일 조인요청합니다.
노철종.김수정/남여/5초 4후/80대, 90대 입니다"
2024-04-30 12:27:56,노철종,예약급 입금요
2024-04-30 12:31:37,캐리골프투어,네 6월 8일 ~ 9일은 안되시는 거죠?
2024-04-30 12:31:54,노철종,주말은 힘듭니다
2024-04-30 12:32:03,캐리골프투어,네 확인 감사합니다^^
2024-04-30 12:32:23,노철종,"6월 16, 17일도 가능합니다."
2024-04-30 12:34:26,캐리골프투어,네 확인해보고 연락드리겠습니다 감사합니다^^
2024-04-30 12:40:09,캐리골프투어,6월 4일 ~ 5일 커플 조인 되셔서 진행 가능할 것 같습니다 정리 후에 안내드리겠습니다^^
2024-04-30 12:42:12,노철종,네..
2024-04-30 12:46:43,캐리골프투어,보셨었던 상품이 이 상품 맞으시죠?
2024-04-30 12:46:48,캐리골프투어,사진
2024-04-30 12:47:49,노철종,네..
2024-04-30 12:48:52,캐리골프투어,네 렌트카는 혹시 따로 안필요하실까요?
2024-04-30 12:49:56,노철종,필요하죠~
2024-04-30 12:50:30,캐리골프투어,네 렌트카 포함해서 견적 드려볼까요?
2024-04-30 12:52:47,노철종,네..
2024-04-30 12:53:56,캐리골프투어,네 정리 후에 안내드리겠습니다^^
2024-04-30 13:08:43,캐리골프투어,죄송합니다 날짜에 착오가 있었습니다 아직 조인 안되셨습니다
2024-04-30 13:25:32,노철종,다른분은 날짜가 언제인데요?
2024-04-30 13:26:59,캐리골프투어,6월 5일 저녁 도착 ~ 6월 9일 제주 출발이십니다. 머무시는 동안은 가능하시다고 하십니다^^
2024-04-30 13:29:14,노철종,6.7일은 휴일 금액인가요?
2024-04-30 13:30:25,캐리골프투어,네 토요일 금액과 같습니다^^
2024-04-30 13:32:11,노철종,기다려 볼께요
2024-04-30 13:32:28,캐리골프투어,네 알겠습니다 감사합니다^^
2024-05-07 11:02:29,캐리골프투어,안녕하세요 혹시 6월 5일 ~ 6월 6일 가능하실까요?
2024-05-07 11:52:58,노철종,확인 해볼께요~
2024-05-07 11:58:54,노철종,시간은 어떻게 되나요?
2024-05-07 11:59:03,노철종,5~6일
2024-05-07 12:06:45,노철종,가능 할것 같은데요~
2024-05-07 12:08:24,캐리골프투어,"핀크스 골프장 : 12~13시대
블랙스톤 : 7~8시대
입니다^^"
2024-05-07 12:08:35,캐리골프투어,네 확인 감사합니다^^
2024-05-07 12:20:18,캐리골프투어,"문의주신 일정에 조인은 가능하신걸로 확인 되었습니다.
 
정확한 상품 접수 가능여부만 추가로 확인 후 안내드리겠습니다."
2024-05-07 14:34:10,캐리골프투어,"6월6일이 현충일이라서 금요일, 토요일 가격 적용 되셔서 782,000원입니다^^"
2024-05-07 15:21:16,노철종,"포함사항, 불포함 사항이 뭔가요?"
2024-05-07 15:22:45,캐리골프투어,"✅ 포함사항
골프 2회 (36홀) + 숙박

✔️ 호텔 연계 제주 최고급 명문 구장(*크스) 18홀 1회
✔️ 제주 블랙스톤
✔️ SK그룹 운영 디아넥스 호텔 1박 (온천 포함)
---------------------------------------------------------------

✅ 불포함사항
✔️ 왕복 항공 (별도문의)
✔️ 렌트카 (별도문의)
✔️ 카트비,캐디피
✔️ 전일정 식사
 
입니다"
2024-05-07 15:26:47,노철종,미안한데 잠시 생각 좀 하고 결정할께요~
2024-05-07 15:35:17,캐리골프투어,네 알겠습니다확인후 말씀부탁드립니다. ~
2024-05-07 15:57:40,노철종,"항공권은 개별로 구매해야 하나요, 포함해서 견적 주시나요?"
2024-05-07 16:00:39,캐리골프투어,"개별로 알아보셔도 되시고 
출발 / 리턴 일정 주시면 확인해드릴 수 있습니다."
2024-05-07 16:07:39,노철종,네..
2024-05-08 19:48:40,노철종,6월 5~6일 2인 조인 진행해주세요..
2024-05-08 19:48:40,캐리골프투어,채팅 운영시간 안내
2024-05-08 19:48:40,캐리골프투어,지금은 캐리골프투어의 채팅 가능한 시간이 아닙니다. 내용을 남겨주시면 채팅이 가능한 시간에 답변 드리겠습니다.
2024-05-08 21:08:30,캐리골프투어,네 안녕하세요 정리해서 보내드리겠습니다^^
2024-05-09 10:24:43,캐리골프투어,"예약금 200.000원 입금 부탁드립니다. 

계좌안내입니다.>
국민 캐리골프투어 680401-00-036929"
2024-05-09 10:25:27,캐리골프투어,예약금 입금 하셨네요
2024-05-09 10:25:31,노철종,입금했는데요..
2024-05-09 10:25:36,노철종,네..
2024-05-09 10:25:43,캐리골프투어,대표자분 연락처 부탁드립니다.
2024-05-09 10:25:53,노철종,노철종 010 5335 2295 입니다
2024-05-09 10:26:03,캐리골프투어,네 확인 감사합니다.
2024-05-09 10:36:21,캐리골프투어,항공은 발권 하셨죠?
2024-05-09 10:57:08,노철종,아니요~
2024-05-09 10:57:13,노철종,해야죠..
2024-05-09 11:23:38,캐리골프투어,네 항공과 렌트카는 직접 하시는게 더 저렴하셔서 직접 예약하시는게 좋을 것 같습니다.
2024-05-09 11:28:44,노철종,네..
2024-05-09 11:47:49,캐리골프투어,"잔금 입금안내 >>>>>>>>>>>>>>>


①예약금
- 200,000원

- 예약금 입금 완료 : 04월30일

- 잔 금 결제일 : ~05월10일
②잔 금 :
- 1,364,000원
* 입출금 내역이 많아 송금후 연락부탁드립니다.

③총 액 :
① + ② = 1,564,000원

입금계좌 :
680401-00-036929 국민은행 캐리골프투어"
2024-05-09 11:52:51,캐리골프투어,사진
2024-05-09 11:52:57,캐리골프투어,확정서입니다.
2024-05-09 11:53:43,캐리골프투어,"핀크스가 원래 예약이 안되는데 호텔 연계로 티를 잡은거라서 
조인이라는거 말씀 하시면 안되시고 
호텔 입실시에도 노철종님 성함으로 2실 예약이 되어 있어서 
호텔 프론트에서 나머지 1실은 어떻게 할까요? 라고 물어보면 
다른 이름으로 입실할거에요 라고 말씀 꼭 부탁드립니다."
2024-05-09 11:55:26,캐리골프투어,"조인자 정보입니다.
성함 : 김요한
연락처 : 010 9492 9455"
2024-05-09 11:57:00,노철종,네..
2024-05-09 11:57:39,노철종,조인팀 연령대가?
2024-05-09 11:59:36,캐리골프투어,네 연령대는 죄송하지만 확인이 안되었습니다.
2024-05-09 12:01:24,캐리골프투어,"대표님 참고로 
핀크스는 현장에서 조인이라고 하시면 절대 아니되세요~"
2024-05-09 12:03:23,노철종,네..
2024-05-09 17:58:11,노철종,입금 완료요
2024-05-09 18:01:13,캐리골프투어,"1,364,000원 입금 확인하였습니다."
2024-06-17 07:09:28,노철종,CJ나인브릿지 부킹 가능하나요?
2024-06-17 07:09:28,캐리골프투어,채팅 운영시간 안내
2024-06-17 07:09:28,캐리골프투어,지금은 캐리골프투어의 채팅 가능한 시간이 아닙니다. 내용을 남겨주시면 채팅이 가능한 시간에 답변 드리겠습니다.
2024-06-17 09:31:28,캐리골프투어,안녕하세요 일정은 어떻게 되실까요?
2024-06-17 09:48:10,노철종,"언제든 가능한가요?
가능한지 알아볼려고 연락드린겁니다"
2024-06-17 09:48:39,노철종,아직 잡히진 않았지만 가보고 싶어서요
2024-06-17 09:48:57,캐리골프투어,2인 이실까요?
2024-06-17 09:49:22,노철종,네..
2024-06-17 09:49:39,캐리골프투어,네 확인 후 안내드려도 될까요?
2024-06-17 09:49:49,노철종,4인은 언제든 가능한지도 궁금합니다
2024-06-17 09:50:02,노철종,연락주세요~
2024-06-17 09:50:27,캐리골프투어,네 알겠습니다 감사합니다^^
2024-06-17 09:55:37,캐리골프투어,죄송하지만 해당구장만 부킹이 안됩니다. 다른구장으로 문의 주시면 빠른 안내 도와드리겠습니다.
2024-06-17 09:57:37,노철종,네..
2024-06-17 09:58:02,캐리골프투어,네 좋은하루 되세요 감사합니다.