DATE,USER,MESSAGE
2024-03-08 17:26:19,정성일,제주도 3월24일 부킹 문의드립니다
2024-03-08 17:26:56,정성일,"2024/03/24 제주도 골프장 부킹가능한곳 추천 부탁드립니다.
일요일 오전 1팀 입니다 "
2024-03-08 17:27:20,캐리골프투어,네 안녕하세요
2024-03-08 17:27:49,캐리골프투어,확인 후 안내드리겠습니다.
2024-03-08 17:29:55,정성일,"오라
시에나
그린필드
에코랜드
사이프러스

7시대 추천 부탁드립니다 "
2024-03-08 17:30:21,캐리골프투어,네 알겠습니다
2024-03-08 18:21:56,캐리골프투어,"더시에나는 3월 휴장기간이고요 
그린필드는 공사가 지연되고있어서 그때까지도 공사예정입니다  
 사이프러스 대 7시초반, 회  7시중반  가능하세요"
2024-03-08 18:22:49,캐리골프투어,캐리골프투어 채널을 추가하시면 광고와 마케팅 메시지를 카카오톡으로 받아 볼 수 있습니다.
2024-03-08 18:24:04,정성일,금액 확인 부탁드립니다 
2024-03-08 18:24:04,캐리골프투어,채팅 운영시간 안내
2024-03-08 18:24:04,캐리골프투어,지금은 캐리골프투어의 채팅 가능한 시간이 아닙니다. 내용을 남겨주시면 채팅이 가능한 시간에 답변 드리겠습니다.
2024-03-08 22:37:37,캐리골프투어,사이프러스 대중제 170.000  회원제 195.000 입니다.
2024-03-08 22:45:16,정성일,"아네 확인 감사드립니다.
다른곳에서 예약하였습니다.
늦게까지 알아봐 주셨는데 죄송합니다.
다음에 이용 하겠습니다"
2024-03-08 22:45:16,캐리골프투어,채팅 운영시간 안내
2024-03-08 22:45:16,캐리골프투어,지금은 캐리골프투어의 채팅 가능한 시간이 아닙니다. 내용을 남겨주시면 채팅이 가능한 시간에 답변 드리겠습니다.
2024-03-09 19:02:43,캐리골프투어,네네 감사합니다