DATE,USER,MESSAGE
2024-02-29 16:33:09,캐리골프투어,"'캐리골프투어' 입니다.  궁금한 내용이 있으면 메시지를 입력해주세요.
더 이상 채팅을 원치 않으시면 채팅목록에서 '채팅방 나가기'를 해 주세요."
2024-02-29 16:33:40,민병권,부킹가능한가요?
2024-02-29 16:34:08,캐리골프투어,네 안녕하세요
2024-02-29 16:34:41,민병권,1조가능한가요?
2024-02-29 16:38:11,캐리골프투어,네 어떤 상품 보셨을까요?
2024-02-29 16:40:29,민병권,"4월15,16"
2024-02-29 16:41:46,민병권,블랙스톤 롯데스카이
2024-02-29 16:42:45,캐리골프투어,네 해당 행사는 조기완판되었고 오늘 다시 기획한 행사 일정이 있습니다.
2024-02-29 16:43:15,캐리골프투어,행사 내용은 동일하고 일정만  4/22(월) 4/23(화) 4/29(월) 4/30(화) 출발 로 가능합니다.
2024-02-29 16:53:04,민병권,"4월22,23"
2024-02-29 16:54:06,캐리골프투어,네   1팀( 4인 )4월22일 출발  가능합니다.
2024-02-29 16:55:14,민병권,근데요혹시21일부킹어디라도가능할까요?
2024-02-29 16:56:00,민병권,"항공권도부탁드려도되나요,"
2024-02-29 16:56:25,캐리골프투어,네 21일 부킹 가능합니다. 1/2부 언제로 알아봐 드릴까요?
2024-02-29 16:56:30,캐리골프투어,선호 구장 있으실까요?
2024-02-29 16:56:49,민병권,엘르시안
2024-02-29 16:57:00,민병권,2부
2024-02-29 16:57:42,캐리골프투어,네 항공+엘르시안2부 확인후 안내드리겠습니다
2024-02-29 16:57:59,캐리골프투어,출발공항이 어디실까요?
2024-02-29 16:58:14,민병권,부산
2024-02-29 16:59:07,캐리골프투어,출발일은 21일 오전으로 알아봐드리면 될까요?
2024-02-29 16:59:16,민병권,넵
2024-02-29 16:59:22,캐리골프투어,네 알겠습니다
2024-02-29 20:29:04,캐리골프투어,"견적 안내드립니다. 

엘리시안 2부 212.000원


왕복 항공 1인 181.000원 

2024.4.21(일) 부산(PUS)07:00<>제주(CJU)08:00
￼대한항공 1505편, 일반석, 무료수하물 20KG
2024.4.23(화) 제주(CJU)18:20<>부산(PUS)19:20
￼대한항공 1550편, 일반석, 무료수하물 20KG


항공료/와 그린피는 변동될수 있으며 그린피는 3월에 전산이 열리면 정확한 일정 확인해드릴 수 있을것 같습니다."
2024-03-01 14:29:22,캐리골프투어,"22일 일정 
금일 오전 완판되었습니다. 
참고 부탁드립니다"