DATE,USER,MESSAGE
2024-05-04 11:06:56,성이,핀크스
2024-05-04 11:07:15,성이,"5일6일 가능할까요?
블랙스톤하고 패키지"
2024-05-04 11:07:21,성이,그리고 조인도 가능한지
2024-05-04 12:38:42,캐리골프투어,"안녕하세요 6월 5일, 6일 말씀이실까요?"
2024-05-04 13:20:48,성이,뉍
2024-05-04 13:20:56,성이,금액이랑 가능한지 알려주세요
2024-05-04 13:44:26,캐리골프투어,네 안녕하세요 현재 6월 4일 ~ 5일은 조인 대기자가 있으십니다. 혹시 이 날짜 가능하실까요?
2024-05-04 13:44:35,캐리골프투어,아니시면 예약금 입금하시고 조인 기다리시는 방법도 있습니다.
2024-05-04 13:47:27,성이,"아니요
그날은 힘들고 5,~6일 조인 기다릴께용"
2024-05-04 13:47:30,성이,금액은?
2024-05-04 13:49:09,성이,4일 몇 시 티일까요?
2024-05-04 13:49:12,성이,혹시?
2024-05-04 13:52:43,캐리골프투어,사진
2024-05-04 13:53:02,캐리골프투어,보신 상품이 맞으실까요?
2024-05-04 13:53:06,성이,뉍
2024-05-04 13:54:21,캐리골프투어,네 7~8시대입니다.
2024-05-04 13:54:44,성이,4일이용?
2024-05-04 13:54:59,성이,그럼 5~6일 조인 대기  할께용
2024-05-04 13:55:48,캐리골프투어,"넵 맞습니다 
성함 / 연락처 남겨주시면 대기리스트 올려드리도록 하겠습니다."
2024-05-04 13:57:19,성이,김요한 010 9492 9455
2024-05-04 13:57:42,캐리골프투어,네 확인감사합니다
2024-05-04 14:00:51,성이,"혹시 6일 시간대가?
된다면?"
2024-05-04 14:01:02,성이,비행기 미리 예약해야해서요
2024-05-04 14:04:43,캐리골프투어,"12~1시 사이라고 보시면 되시고, 참고로 해당일정에 조인고객이 없어서 기다려보셔야 할 것 같습니다"
2024-05-07 14:24:10,캐리골프투어,안녕하세요 6월5일 ~ 6월 6일 조인 되셨습니다 예약금 입금해주시면 정리해서 안내드리겠습니다 감사합니다^^
2024-05-07 14:24:56,캐리골프투어,"티업시간은 아래와 같습니다^^
핀크스 골프장 : 12~13시대
블랙스톤 : 7~8시대
입니다^^"
2024-05-07 14:25:58,성이,뉍계좌랑 금액 주세요
2024-05-07 14:26:16,성이,밖이라  5시 넘어 입금 할께요
2024-05-07 14:35:50,캐리골프투어,"6월6일이 현충일이라서 금요일, 토요일 가격 적용 되셔서 782,000원입니다^^"
2024-05-07 14:53:44,성이,계좌번호주세요
2024-05-07 14:54:45,캐리골프투어,아직 조인 대기자분께서 연락이 없으셔서 연락 오시면 드려도 될까요?
2024-05-07 14:59:18,성이,눽
2024-05-07 14:59:28,성이,확정되면 바로 송금해드릴께용
2024-05-07 15:01:43,캐리골프투어,네 확인 감사합니다^^
2024-05-09 10:02:19,캐리골프투어,안녕하세요 조인 대기자분께서 조인 하시겠다고 연락이 왔습니다^^
2024-05-09 10:02:39,성이,뉍
2024-05-09 10:02:43,성이,계좌 주세용
2024-05-09 10:05:05,캐리골프투어,"예약금 입금안내 >>>>>>>>>>>>>>>


①예약금
- 200,000원

- 예약금 결제일 : ~05월09일
* 입출금 내역이 많아 송금후 연락 부탁드립니다.

- 잔 금 결제일 : ~05월17일
②잔 금 :
- 1,364,000원
* 입출금 내역이 많아 송금후 연락부탁드립니다.

③총 액 :
① + ② = 1,564,000원

입금계좌 :
680401-00-036929 국민은행 캐리골프투어"
2024-05-09 10:05:48,성이,뉍
2024-05-09 10:11:21,성이,입금했어요
2024-05-09 10:11:23,성이,백성이
2024-05-09 10:12:53,캐리골프투어,"네 백성이님 200.000원
예약금 확인 했습니다.
준비하겠습니다."
2024-05-09 10:15:39,성이,수고하세용
2024-05-09 10:18:17,캐리골프투어,네 감사합니다  확인후 연락드리겠습니다.
2024-05-09 10:18:54,성이,뉍 이쁜 오후 되세용
2024-05-09 10:19:44,캐리골프투어,넵 ^^ 편안한 하루되세요~
2024-05-09 11:28:24,캐리골프투어,"잔금 결제일을 잘못 기재했습니다. 정정드립니다.
핀크스가 회원제라서 내일까지 잔금 완납 부탁드립니다."
2024-05-09 11:31:13,성이,뉍
2024-05-09 11:31:47,성이,입금했습니다
2024-05-09 11:31:54,성이,티업시간 문자 부탁드려요
2024-05-09 11:31:59,성이,렌트해야해서요
2024-05-09 11:33:49,캐리골프투어,대표자 성함/연락처 부탁드립니다.
2024-05-09 11:34:09,성이,김요한 010 9492 9455
2024-05-09 11:35:47,캐리골프투어,사진
2024-05-09 11:35:57,캐리골프투어,티업시간 안내드립니다.
2024-05-09 11:53:58,캐리골프투어,사진
2024-05-09 11:54:03,캐리골프투어,확정서입니다.
2024-05-09 11:54:07,캐리골프투어,"핀크스가 원래 예약이 안되는데 호텔 연계로 티를 잡은거라서 
조인이라는거 말씀 하시면 절대 안되시고 

호텔 입실시에도 노철종님 성함으로 2실 예약이 되어 있어서 
호텔 프론트에서 노철종 님 성함으로 예약된 1실 입실하신다고 말씀해주시면 됩니다. 
양해부탁드립니다."
2024-05-09 11:54:59,캐리골프투어,"조인자 정보입니다. 
성함 : 노철종
연락처 : 010 5335 2295"
2024-05-09 12:01:32,캐리골프투어,"대표님 참고로 
핀크스는 현장에서 조인이라고 하시면 절대 아니되세요~"
2024-05-09 12:06:15,캐리골프투어,캐리골프투어 채널을 추가하시면 광고와 마케팅 메시지를 카카오톡으로 받아 볼 수 있습니다.
2024-05-09 12:10:02,성이,뉍