DATE,USER,MESSAGE
2024-05-01 12:53:21,박광래,제주도 6.10일 블랙스톤+롯데 2인 조인 신청 가능할까요?
2024-05-01 12:53:53,캐리골프투어,네 안녕하세요 확인후 안내드리겠습니다.
2024-05-01 12:57:54,캐리골프투어,네 해당 일정 조인 접수 가능하세요 접수 진행 안내 드릴까요 ?
2024-05-01 12:58:43,박광래,"네..
저희는 광주에서 출발해야 합니다."
2024-05-01 13:03:31,캐리골프투어,사진
2024-05-01 13:03:40,캐리골프투어,네 보신 상품이 맞으실까요?
2024-05-01 13:04:37,캐리골프투어,해당 상품은 항공은 제외한 골프36h+ 숙박+ 렌트 구성의 초특가 상품입니다.
2024-05-01 13:07:45,캐리골프투어,"예약접수진행 안내드립니다. 
■대표자 : 박광래
■연락처 : 010-




예약금 입금안내입니다. >>>>>>>>>>>>>>>


①예약금
- 200,000원 

- 예약금 결제일 : ~05월01일
* 입출금 내역이 많아 송금후 연락 부탁드립니다.

- 잔   금 결제일 : ~05월07일
②잔   금 : 
- 560,000원 
* 입출금 내역이 많아 송금후 연락부탁드립니다.

③총   액 : 
① + ② = 760,000원

입금계좌 :
680401-00-036929 국민은행 캐리골프투어"
2024-05-01 13:11:30,박광래,네..그 상품 맞습니다.
2024-05-01 13:12:34,캐리골프투어,"2024.6.10(월)
광주(KWJ)09:15
제주(CJU)10:10

￼진에어 451편, 할인석, 무료수하물 15kg

성인 1인72,000원

2024.6.11(화)
제주(CJU)18:15
광주(KWJ)19:10

￼진에어 458편, 일반석, 무료수하물 15kg

성인 1인67,100원

왕복 2인 결제예상금액

278,200원"
2024-05-01 13:13:00,캐리골프투어,네 참고로 항공은 위와 같이 확인이 됩니다.
2024-05-01 13:14:10,캐리골프투어,대표자분 연락처 남겨주시고 예약금 입금 확인시 접수 진행드리도록 하겠습니다.
2024-05-01 13:15:39,박광래,항공권도 해주시나요?
2024-05-01 13:22:03,박광래,01065408938
2024-05-01 15:23:45,박광래,"예약금 20만원 입금했습니다.
입금자는 박광래입니다~~^^"
2024-05-01 15:30:32,캐리골프투어,"네 확인했습니다.

진행드리겠습니다. 
별건 요청주신 3색 견적은 확인되는대로 안내드리겠습니다."
2024-05-02 09:34:47,캐리골프투어,안녕하세요 별건 문의주신 3색 건은 리턴항공이 마감입니다. ㅠ
2024-05-02 09:35:42,박광래,네.알겠습니다 
2024-05-02 09:36:19,박광래,일본 홋카이도 상품도 있습니까?
2024-05-02 09:39:28,캐리골프투어,https://www.carrygolftour.com/exhibition/941
2024-05-02 09:40:07,캐리골프투어,네 링크의 상품들을 클릭해보시면 확인 가능합니다.
2024-05-02 10:09:16,캐리골프투어,사진
2024-05-02 10:10:31,캐리골프투어,"박광래님 확정서 보내드립니다. 
확인후 5월7일이전 잔금 확인 부탁드립니다.~"
2024-05-02 10:11:32,캐리골프투어,"- 잔   금 결제일 : ~05월07일
잔   금 : 
- 560,000원 
* 입출금 내역이 많아 송금후 연락부탁드립니다.


입금계좌 :
680401-00-036929 국민은행 캐리골프투어"
2024-05-02 10:46:58,박광래,"광주출발 9:15이다보니..
도착해서 짐 찾고..
렌트카 가서 차량 인수하고 갈려면 시간이 조금 빠듯할거 같은데요..
티업시간을 조금만 뒤로 하면 안될까요?"
2024-05-02 10:49:47,박광래,"그리고..
렌트카 사용시간을 10시부터로 해주시면 될것 같네요.."
2024-05-02 11:43:43,캐리골프투어,네 확인해보겠습니다
2024-05-02 13:15:27,캐리골프투어,"블랙스톤 시간 변경해드렸습니다. 
렌트카는 기본 풀시 간으로 한거니 10시부터 이용 하시면 되세요"
2024-05-02 14:08:14,캐리골프투어,사진
2024-05-02 14:55:46,캐리골프투어,훗카이도  인원 / 일정 남겨주시면 확인후 안내드려보겠습니다. ~
2024-05-02 14:55:48,캐리골프투어,캐리골프투어 채널을 추가하시면 광고와 마케팅 메시지를 카카오톡으로 받아 볼 수 있습니다.
2024-05-07 10:09:07,박광래,"저희가 2일 라운딩후 2일 더 있을 예정이어서 렌트카를 6/13 오후4시쯤 반납했으면 하는데..
추가요금은 얼마나 나올까요?"
2024-05-07 10:11:35,캐리골프투어,네 안녕하세요 확인 후 안내드리겠습니다
2024-05-07 13:41:40,캐리골프투어,6만원 추가 되세요
2024-05-07 13:42:32,캐리골프투어,1인 기준 30.000원 총 60.000원 추가 하시면 되시는데 렌트 변경확정 해드릴까요?
2024-05-07 13:48:08,박광래,그럼 반납은 6/13 20시 이전까지만 하면 되는건가요?
2024-05-07 13:49:17,캐리골프투어,네 맞아요
2024-05-07 13:49:41,캐리골프투어,지금 변경요청중입니다.
2024-05-07 13:49:47,박광래,네..알겠습니다
2024-05-07 13:50:44,캐리골프투어,"네네 그러시면 
렌트카 2일 연장하셔서 
620.000원 금일중 입금 확인 주시면 됩니다. 

잔   금 : 
- 620,000원 
* 입출금 내역이 많아 송금후 연락부탁드립니다.


입금계좌 :
680401-00-036929 국민은행 캐리골프투어"
2024-05-07 13:51:06,박광래,네 알겠습니다~~^^
2024-05-07 13:51:31,캐리골프투어,네 감사합니다^^
2024-05-07 13:52:03,박광래,조인은 된건가요?
2024-05-07 13:56:19,캐리골프투어,네 조인확정 되셨습니다.
2024-05-07 14:00:31,캐리골프투어,사진
2024-05-07 14:00:45,캐리골프투어,렌트카 연장했습니다.
2024-05-07 14:02:20,캐리골프투어,"조인자 정보 : 
이영희님 010 - 4534 -7327"
2024-05-07 14:18:22,박광래,"렌트카 반납시간이 13일 16시로 되어있네요..
20시까지로 말씀하셨는데요.."
2024-05-07 14:19:10,캐리골프투어,네네 20시 까지 쓰시면 됩니다.
2024-05-07 14:24:44,박광래,네~~
2024-05-07 14:25:41,캐리골프투어,정확한 반납시간 알려주세요
2024-05-07 14:26:05,캐리골프투어,확정 다시 받고 수정해서 보내드리겠습니다
2024-05-07 14:26:34,캐리골프투어,정확히 6/13일 20시 반납이실까요?
2024-05-07 14:27:06,박광래,"그렇게 해주세요..
그 이전에 반납하겠지만.."
2024-05-07 14:27:36,박광래,"잔금 입금했습니다..
박광래 이름으로 620,000원.."
2024-05-07 14:52:33,캐리골프투어,"네네 알겠습니다. 
입금 확인했습니다."
2024-05-07 14:56:14,캐리골프투어,사진
2024-05-07 14:56:33,캐리골프투어,렌트카 반납 20시로 변경해드렸습니다.
2024-05-16 15:07:59,캐리골프투어,"안녕하세요 조인된분께서 
인원을 두팀으로 늘리셔서 신청하셔서 다른 조인자분을 붙여드릴려고 하는데요 
둘째날 스카이힐 대중제에서 회원제로 변경 가능하실까요? 
변경 가능하시면 바로 확정 가능하세요"
2024-05-16 15:09:56,캐리골프투어,회원제 1인 30.000원 추가되시고요
2024-05-16 15:28:02,캐리골프투어,조인자분 구성은 여자 2인 이세요
2024-05-16 15:33:24,캐리골프투어,조인 확정으로 진행해드려도 될까요?
2024-05-16 17:23:28,박광래,네. 그러세요 
2024-05-16 17:26:55,박광래,회원제 코스가 스카이.오션인가요
2024-05-16 17:27:14,캐리골프투어,"네 확인 감사합니다 
스카이힐은 대중제코스로 이용가능하시도록 적용되었습니다."
2024-05-16 17:27:28,캐리골프투어,사진
2024-05-16 17:46:59,박광래,그럼 롯데스카이힐은 대중제로 예약완료 된거죠?
2024-05-16 17:52:09,캐리골프투어,"네네 맞습니다.  
대중제로 예약 드렸습니다. ~"
2024-05-16 17:53:53,박광래,네. 알겠습니다 
2024-05-16 18:00:44,캐리골프투어,"네네 감사합니다. 
편안한 오후 되세요~"
2024-06-07 12:59:21,박광래,"6.10일 블랙스톤 12:30분  예약자 이효선으로 되었는데 그 예약자분이 누구인가요?
그리고 담당자 연락처 주실래요 "
2024-06-07 13:07:22,캐리골프투어,"안녕하세요 조인 되신분 성함이십니다.
담당자분께서 잠시 자리를 비우셔서 오시면 연락드라라고 말씀드리겠습니다.
한부장님 연락처 : 010-4951-9769"
2024-06-07 13:09:08,캐리골프투어,조인자 정보 : 이효선 010 2545 1656
2024-06-07 13:51:10,캐리골프투어,사진
2024-06-07 14:51:12,캐리골프투어,사진
2024-06-07 14:53:15,캐리골프투어,"보험 포함으로 렌트카 회사 엔젤렌트카로 변경되었습니다. 참고 부탁드립니다. 

렌트카회사 도착하시면 키오스크에서 계약서 쓰시면 되시고 20분 간격 셔틀버스 시간표 참고부탁드립니다."
2024-06-07 14:53:21,캐리골프투어,사진
2024-06-07 14:53:46,캐리골프투어,"■ 빠르고 간편한 렌터카 대여! 이젠 키오스크(Kiosk)로! 키오스크 사용법 안내 > 공지 사항 | 제주엔젤카
 - https://naver.me/GqsjOgic"