DATE,USER,MESSAGE
2024-05-28 09:31:09,김준성,6월8일-9일 1박2일 2인 골프조인패키지 특가 있는지 문의드려요 
2024-05-28 09:35:09,캐리골프투어,확인 후 안내드리겠습니다. 선호 구장 있으실까요?
2024-05-28 09:37:02,김준성,상관없습니다
2024-05-28 09:49:54,캐리골프투어,네 항공.골프. 숙박. 렌트 올포함으로 필요하실까요?
2024-05-28 09:54:41,김준성,"골프
숙박"
2024-05-28 09:56:48,김준성,렌트카도 
2024-05-28 10:00:29,캐리골프투어,네 확인 감사합니다.
2024-05-28 10:09:28,캐리골프투어,견적서 보내드립니다.
2024-05-28 10:09:31,캐리골프투어,"6/8일 12시대에버리스
6/9일 8시대시에나
시내호텔
포함 시에나클럽하우스조식
호텔,그린피,숙박,렌트카(k5 3세대)

불포함
카트,캐디팁,중석식,항공
1인 410000원"
2024-05-28 10:16:49,김준성,8일 오전 7시대 가능할까요?
2024-05-28 10:25:12,캐리골프투어,8일 오전 7시대로 변경 가능하십니다.
2024-05-28 10:26:43,김준성,비용은 어떻게 되는지요 
2024-05-28 10:30:05,김준성,렌트카는 몇시부터 몇시까지 이용가능한지요?
2024-05-28 10:32:28,캐리골프투어,네 확인 후 안내드리겠습니다^^
2024-05-28 10:34:22,김준성,호텔도 알려주시면 감사하겠습니다 
2024-05-28 10:35:04,캐리골프투어,네 알겠습니다^^
2024-05-28 10:46:27,캐리골프투어,"6/8일 7시대 에버리스
6/9일 8시대 시에나
에어시티 & 글로스터 호텔
포함 시에나클럽하우스조식
호텔,그린피,숙박,렌트카(k5 3세대)
인수 : 6/8 9시
반납 : 6/9 18시

불포함
카트,캐디팁,중석식,항공
1인 410,000원"
2024-05-28 10:55:46,김준성,글로스터 호텔로 요청드립니다
2024-05-28 10:56:07,김준성,해당 견적은 언제까지 유효한지요?
2024-05-28 10:59:33,캐리골프투어,네 확인 감사합니다. 글로스터 호텔로 진행해드리겠습니다. 금주중으로 결정 주시면 좋으실 것 같습니다.
2024-05-28 11:06:01,김준성,네네 알겠습니다 
2024-05-28 11:07:10,캐리골프투어,네 좋은하루 보내세요 감사합니다.
2024-05-28 11:07:11,캐리골프투어,캐리골프투어 채널을 추가하시면 광고와 마케팅 메시지를 카카오톡으로 받아 볼 수 있습니다.
2024-05-28 12:38:48,김준성,8일 7시대 란딩인에 렌트카 인수는 6시 이전에 해야 할 듯 합니다
2024-05-28 12:39:16,김준성,9시면 맞지 않습니다
2024-05-28 12:39:23,김준성,아니면 전날도 가능합니다
2024-05-28 12:39:29,캐리골프투어,네 확인 후 안내드려도 될까요?
2024-05-28 12:39:34,김준성,네네
2024-05-28 12:39:44,캐리골프투어,네 감사합니다.
2024-05-28 12:43:55,캐리골프투어,전날 인수 가능하십니다. 7일 몇시 인수 원하실까요?
2024-05-28 12:44:13,김준성,공항18시 도착입니다
2024-05-28 12:44:30,김준성,어디서 인수하는 지요?
2024-05-28 12:44:41,김준성,숙소는 글로스터 호텔입니다
2024-05-28 12:48:27,캐리골프투어,렌트카 배정 받으셔야 정확한 위치 확인이 가능하십니다. 지정구역에서 셔틀버스 타고 렌트카 인수 하시러 가셔야합니다. 30 ~ 40분 정도 소요가 되셔서 넉넉하게 19시 인수 도와드릴까요?
2024-05-28 12:50:10,김준성,네네
2024-05-28 12:50:55,캐리골프투어,네 확인 감사합니다. 변경된 견적서 정리 후 안내드리겠습니다.
2024-05-28 12:56:33,캐리골프투어,"6/8일 7시대 에버리스
6/9일 8시대 시에나
글로스터 호텔
포함 시에나클럽하우스조식
호텔,그린피,숙박,렌트카(k5 3세대)
인수 : 6/7 19시
반납 : 6/9 18시

불포함
카트,캐디팁,중석식,항공
1인 425,000원"
2024-05-28 12:56:43,캐리골프투어,변견된 견적서 보내드립니다.
2024-05-28 12:57:33,김준성,렌트카 제외시 견적도 부탁드립니다
2024-05-28 13:02:16,캐리골프투어,렌트카 제외 견적 보내드립니다.
2024-05-28 13:02:17,캐리골프투어,"6/8일 7시대 에버리스
6/9일 8시대 시에나
글로스터 호텔
포함 시에나클럽하우스조식
호텔,그린피,숙박

불포함
카트,캐디팁,중석식,렌트,항공
1인 365,000원"
2024-05-28 13:05:32,김준성,네네 알겠습니다
2024-05-30 10:20:45,김준성,안녕하세요
2024-05-30 10:23:36,캐리골프투어,네 안녕하세요
2024-05-30 10:24:09,김준성,이틀전에 주신 견적 관려해서
2024-05-30 10:24:12,김준성,문의드립니다
2024-05-30 10:24:25,김준성,렌트카는 보험 포함인지요?
2024-05-30 10:25:35,김준성,"2. 그리고, 조인 확정인지요?
3. 글러스터호텔 확정인지요?"
2024-05-30 10:25:44,김준성,확인후 입금진행하겠습니다
2024-05-30 10:31:51,캐리골프투어,안녕하세요 정리해서 안내드리겠습니다.
2024-05-30 11:07:15,캐리골프투어,견적에 오타가 있었습니다 죄송합니다.
2024-05-30 11:07:21,캐리골프투어,"6/8일 7시대 에버리스
6/9일 8시대 시에나
글로스터 호텔
포함 시에나클럽하우스조식
호텔,그린피,숙박,렌트카(k5 3세대)
인수 : 6/7 19시
반납 : 6/9 18시

불포함
카트,캐디팁,중석식,항공
1인 475,000원"
2024-05-30 11:07:50,캐리골프투어,견적 정정드립니다.
2024-05-30 11:08:03,김준성,갑자기 5만원이 추가되었군요
2024-05-30 11:08:18,김준성,그럼 렌트카를 빼면 얼마인지요?
2024-05-30 11:08:35,캐리골프투어,"6/8일 7시대 에버리스
6/9일 8시대 시에나
글로스터 호텔
포함 시에나클럽하우스조식
호텔,그린피,숙박

불포함
카트,캐디팁,중석식,렌트,항공
1인 415,000원"
2024-05-30 11:08:50,캐리골프투어,렌트카 불포함 견적입니다.
2024-05-30 11:08:57,김준성,렌트카 추가 비용이 있는 지요?
2024-05-30 11:09:13,김준성,47.5만원에 추가 비용이 있는 지요?
2024-05-30 11:09:53,캐리골프투어,"네 475,000원이 렌트카 3일 포함 금액입니다."
2024-05-30 11:10:28,김준성,아까 말씀드린 자차 보험등 완전 보험 포함사항이 맞는 지요?
2024-05-30 11:11:38,캐리골프투어,네 잠시만요 확인 후 안내드리겠습니다.
2024-05-30 11:19:37,캐리골프투어,렌트카는 차량 고급자차보험 포함입니다.
2024-05-30 11:19:46,캐리골프투어,해당 일정 시에나 조인이 마감 되어서 다른 구장으로 변경해드려야할 것 같습니다.
2024-05-30 11:20:11,김준성,어디로 가능한지요?
2024-05-30 11:20:24,김준성,확인되면 계약서 보내주시면 입금드리겠습니다
2024-05-30 11:20:39,캐리골프투어,네 정리해서 보내드리겠습니다 감사합니다.
2024-05-30 11:29:35,캐리골프투어,글로스터 호텔도 객실 마감이라 타호텔로 변경해드려야 할 것 같습니다.
2024-05-30 11:31:32,김준성,네네
2024-05-30 11:31:40,캐리골프투어,네 감사합니다.
2024-05-30 11:36:05,캐리골프투어,"골프
6/8 우리들 08:07 남2 대기  
6/9 그린필드 11:55 부부 대기

숙박
에어시티호텔 제주 or 동급 

차량
K5 3세대 고급자차 포함

포함사항
그린피 숙박비 차량(자차보험포함)

1인 견적가 450,000원

> 호텔 조식 추가시 1인 1회당 1.5만 추가"
2024-05-30 11:37:09,캐리골프투어,"골프장, 호텔 변겅 견적 보내드립니다."
2024-05-30 11:37:24,캐리골프투어,"6/8 에버리스 12:59 남2 대기 < 해당구장으로 변경시 1인 2만추가 

6/8 엘리시안 혼용코스 07:43 부부 대기 < 해당구장으로 변경시 1인 5.1만 추가 

6/8 크라운 07:35 부부 대기 < 해당 구장으로 변경시 1인 1.5만 추가"
2024-05-30 11:37:40,캐리골프투어,8일은 대기팀들이 좀있어서 상기견적에서 변경시 해당금액만큼 인상 되신다고 보시면되세요.
2024-05-30 11:39:04,김준성,우리들로 하시고 
2024-05-30 11:39:18,김준성,계약서가 있는 지요?
2024-05-30 11:39:36,캐리골프투어,네 계약서 정리해서 보내드리겠습니다. 감사합니다.
2024-05-30 11:42:00,캐리골프투어,계약서는 없으시고 견적서 보내드리면 될까요/
2024-05-30 11:42:02,캐리골프투어,?
2024-05-30 12:18:44,김준성,해당 사항에 대하여 추가비용 발생시에는 캐리골프투에서 부담한다는 내용만 있으면 될 듯 합니다
2024-05-30 12:21:36,캐리골프투어,네 알겠습니다 해당 문구 추가해서 견적서 전달드리겠습니다.
2024-05-30 12:22:47,김준성,네네
2024-05-30 12:23:10,캐리골프투어,네 감사합니다.
2024-05-30 12:38:39,캐리골프투어,사진
2024-05-30 12:38:49,캐리골프투어,"예약금 입금안내 >>>>>>>>>>>>>>>


①예약금
- 400,000원

- 예약금 결제일 : 당일 입금
* 입출금 내역이 많아 송금후 연락 부탁드립니다.

- 잔 금 결제일 : 당일 입금
②잔 금 :
- 500,000원
* 입출금 내역이 많아 송금후 연락부탁드립니다.

③총 액 :
① + ② = 900,000원

입금계좌 :
680401-00-036929 국민은행 캐리골프투어"
2024-05-30 12:39:00,캐리골프투어,"렌트카 인수 방법, 예약자 성함, 조인정보 등은 확정서 발송 때 안내드리겠습니다."
2024-05-30 12:40:00,캐리골프투어,연락처 / 성함 부탁드립니다.
2024-05-30 12:40:23,김준성,김준성/010 8962 0640
2024-05-30 12:46:40,캐리골프투어,네 확인 했습니다.
2024-05-30 12:47:46,캐리골프투어,예약금 입금확인후 조인 진행되며 조인확정시 잔금 입금 순으로 요청드릴 예정입니다.
2024-05-30 12:50:16,김준성,네네
2024-05-30 13:00:39,김준성,입금했습니다
2024-05-30 13:01:59,캐리골프투어,"네 예약금 400.000원 입금 확인했습니다. 감사드립니다. 

준비하겠습니다."
2024-05-30 13:05:48,캐리골프투어,커플이실까요?
2024-05-30 13:06:46,김준성,네
2024-05-30 13:06:55,캐리골프투어,네 확인 감사합니다.
2024-05-30 13:10:11,캐리골프투어,객실 타입은 트원으로 해드리면 될까요?
2024-05-30 13:10:25,김준성,더블없나요?
2024-05-30 13:12:44,캐리골프투어,확인 중입니다.
2024-05-30 13:20:34,캐리골프투어,더블 가능하십니다.
2024-05-30 13:22:02,캐리골프투어,"김준성님 커플 제주 행사 확정안내 

골프 
6/8 우리들 08:07 예약자명: 고태용 
고태용 남2 010-3928-0398
김준성 커플 010-8962-0640

6/9 그린필드 11:55 예약자명: 이호준 
이호준 부부 010-9833-1355
김준성 커플 010 8962 0640

--------------------------------------

숙박
제주 에어시티호텔 
[예약정보]
성함: 김준성 님
입실: 06/08
퇴실: 06/09
객실타입: Double
객실수량: 1
예약번호: 24435721

---------------------------------------
차량
안녕하세요? 김준성님
렌터카를 예약해주셔서 감사합니다.
▶ 예약번호 : 20240530035687
▶ 대여기간 : 2024-06-07 19:00:00 ~ 2024-06-09 18:00:00
▶ 차량정보 : K5 3세대
▶ 예약업체 : 로그인렌트카 (064-742-9400)

[보험규정]
▶면책보험 : 고급자차
▶보상한도 : 400만원
* 소모품, 실내부품 포함 일부 항목은 면책보험 미적용

[차량 인수 안내]
셔틀버스로 렌터카 업체 이동 후 차량인수
셔틀버스 탑승장소 : 제주공항 1층 5번 게이트 건너편 렌트카종합안내센터 [8구역 6번]
소요시간(분) : 7분"
2024-05-30 13:22:14,캐리골프투어,확정서 정리해서 보내드리겠습니다.
2024-05-30 13:22:18,김준성,네네
2024-05-30 13:22:28,캐리골프투어,네 감사합니다.
2024-05-30 13:35:12,캐리골프투어,사진
2024-05-30 13:35:31,캐리골프투어,잔금 입금 부탁드립니다.
2024-05-30 13:35:32,캐리골프투어,"②잔 금 :
- 500,000원
* 입출금 내역이 많아 송금후 연락부탁드립니다.

③총 액 :
① + ② = 900,000원

입금계좌 :
680401-00-036929 국민은행 캐리골프투어"
2024-05-30 13:36:30,김준성,송금하였습니다
2024-05-30 13:38:50,김준성,"렌트카 일정이 
7일 19시 ~ 10일 08로 요청드렸는 데"
2024-05-30 13:39:05,김준성,10일 19시까지로 연장된 이유가 뭘까요?
2024-05-30 13:39:23,김준성,제가 10일 9시 비행일정이라
2024-05-30 13:41:34,캐리골프투어,7일 19시 ~ 9일 18시로 예약해드렸습니다. 렌트카 1일 추가로 더 연장 원하실까요?
2024-05-30 13:41:44,김준성,아니요
2024-05-30 13:41:50,김준성,이틀이 맞습니다
2024-05-30 13:44:16,캐리골프투어,네 확인 감사합니다. 렌트카 일정 변경없이 그대로 확정드리겠습니다.
2024-05-30 13:44:40,김준성,10일 08시까지 연장하면 비용이 얼마 추가될가요
2024-05-30 13:44:47,캐리골프투어,"500,000원 입금 확인하였습니다."
2024-05-30 13:45:04,캐리골프투어,네 확인 후 안내드리겠습니다.
2024-05-30 13:50:04,캐리골프투어,인당 2.5만원 * 2 = 총 5만원 추가하시면 되십니다.
2024-05-30 13:53:25,김준성,추가 입금했습니다
2024-05-30 13:53:35,김준성,변경된 확정서 부탁드립니다
2024-05-30 13:55:12,캐리골프투어,"네 50,000원 입금 확인했습니다. 변경된 확정서 보내드리겠습니다."
2024-05-30 14:00:25,캐리골프투어,사진
2024-05-30 14:03:35,캐리골프투어,죄송합니다. 정정드리겠습니다.
2024-05-30 14:03:51,캐리골프투어,사진
2024-05-30 14:14:26,캐리골프투어,"김준성님 커플 제주 행사 확정안내 

골프 
6/8 우리들 08:07 예약자명: 고태용 
고태용 남2 010-3928-0398
김준성 커플 010-8962-0640

6/9 그린필드 11:55 예약자명: 이호준 
이호준 부부 010-9833-1355
김준성 커플 010 8962 0640

--------------------------------------

숙박
제주 에어시티호텔 
[예약정보]
성함: 김준성 님
입실: 06/08
퇴실: 06/09
객실타입: Double
객실수량: 1
예약번호: 24435721

---------------------------------------
차량
안녕하세요? 김준성님
렌터카를 예약해주셔서 감사합니다.

▶ 예약번호 : 20240530035746
▶ 대여기간 : 2024-06-07 19:00:00 ~ 2024-06-10 08:00:00
▶ 차량정보 : K5 3세대
▶ 예약업체 : 로그인렌트카 (064-742-9400)

[보험규정]
▶면책보험 : 완전자차
▶보상한도 : 400만원
* 소모품, 실내부품 포함 일부 항목은 면책보험 미적용

[차량 인수 안내]
셔틀버스로 렌터카 업체 이동 후 차량인수
셔틀버스 탑승장소 : 제주공항 1층 5번 게이트 건너편 렌트카종합안내센터 [8구역 6번]
소요시간(분) : 7분"
2024-05-30 14:15:57,캐리골프투어,렌터카 예역번호가 변경되어 다시 확정서 보내드립니다.
2024-05-30 14:16:03,캐리골프투어,사진
2024-06-08 06:17:57,김준성,안녕하세요 
2024-06-08 06:17:57,캐리골프투어,채팅 운영시간 안내
2024-06-08 06:17:57,캐리골프투어,지금은 캐리골프투어의 채팅 가능한 시간이 아닙니다. 내용을 남겨주시면 채팅이 가능한 시간에 답변 드리겠습니다.
2024-06-08 06:53:09,캐리골프투어,네 안녕하세요
2024-06-08 09:13:19,김준성,안녕하세요 
2024-06-08 09:13:54,김준성,금일 우리들CC8시7분 티업이 우천으로 취소되었습니다 
2024-06-08 09:15:51,김준성,아래 계좌로 취소 금액 환불바랍니다
2024-06-08 09:16:14,김준성,"국민은행 김준성
660 21 0420 504"
2024-06-08 09:16:40,캐리골프투어,네 확인후 구장에서 정산완료시 환불드리도록 하겠습니다.
2024-06-08 09:18:11,캐리골프투어,입장만 하신상태에서 우천으로 취소되셨을까요? 라운딩중 우천취소 선언 되셨을까요?
2024-06-08 10:08:43,김준성,입장도 못했습니다 
2024-06-08 10:09:31,김준성,우천으로 경기팀에서 불가하다하였습니다
2024-06-08 10:10:23,캐리골프투어,네 확인 감사합니다.
2024-06-09 09:43:12,김준성,환불 언제 될까요?
2024-06-09 09:44:47,캐리골프투어,네 환불절차는 영업일에 구장예약실에 환불 요청후 구장에서 환불이 완료되면 환불드리게되며 기간은 구장 마다 상이하고 내일 확인이 가능합니다.
2024-06-10 10:12:36,캐리골프투어,안녕하세요 우천 취소건 금일 오후에 일괄 정리 예정입니다. 환불 완료 후 안내드리겠습니다.
2024-06-10 18:41:26,캐리골프투어,"우리들CC 우천취소 270,000원 환불 완료 되었습니다. 편안한 오후 보내세요 감사합니다."
2024-06-10 18:44:10,캐리골프투어,"290,000원 환불 완료하였습니다."