DATE,USER,MESSAGE
2024-02-24 13:01:07,캐리골프투어,"'캐리골프투어' 입니다.  궁금한 내용이 있으면 메시지를 입력해주세요.
더 이상 채팅을 원치 않으시면 채팅목록에서 '채팅방 나가기'를 해 주세요."
2024-02-24 13:01:51,김명균,15일 부부 2인 조인 가능할까요?
2024-02-24 13:09:51,캐리골프투어,안녕하세요 어떤상품  보셨을까요?
2024-02-24 13:10:58,김명균,사진
2024-02-24 13:11:31,캐리골프투어,네 가능합니다. 출발 공항이 어디실까요?
2024-02-24 13:11:45,김명균,부산입니다
2024-02-24 13:12:44,김명균,14일 출발 예정입니다...
2024-02-24 13:16:12,캐리골프투어,네 해당 상품은 4/15.16일 출발 가능한 확정가입니다.
2024-02-24 13:17:10,김명균,"혹 전화 통화가능할까요?
01044777697"
2024-02-24 13:17:18,캐리골프투어,4/14일은 별도로 확인해봐야 하는데 견적 확인해드릴까요?
2024-02-24 13:17:53,캐리골프투어,네 잠시만요 상담중인데 5분뒤에 통화마치고 전화드려도 될까요?
2024-02-24 13:17:58,김명균,네
2024-02-24 13:18:09,캐리골프투어,네 알겠습니다.
2024-02-24 15:03:23,캐리골프투어,항공이 월요일에 확인이 가능해서 월요일까지 견적 안내드리도록 하겠습니다. ~
2024-02-24 15:06:43,김명균,네
2024-02-24 16:33:16,김명균,"항공은 제가 예약하겠습니다...
렌트 만 알아봐주세요..
14일 12:00~16일 17:00"
2024-02-24 16:35:24,캐리골프투어,네 알겠습니다. 1인 1만원씩 추가 하시면 됩니다.
2024-02-24 16:36:27,김명균,렌트 추가 되었는데..1만원만 추가하면 되나요?
2024-02-24 16:38:12,캐리골프투어,네 그렇습니다. 렌트 1일(4/14일) 추가시 1인당 1만원 추가 부담 해주시면 됩니다.
2024-02-24 16:38:43,김명균,결재는 어떻게 진행하나요?
2024-02-24 16:39:59,캐리골프투어,네 현금 결제입니다. 확정하시면 예약견적서 보내드리도록 하겠습니다.
2024-02-24 16:40:46,김명균,네..확정해서 연락드리겠습니다 
2024-02-24 16:41:14,캐리골프투어,네 알겠습니다
2024-02-24 16:42:15,김명균,담당자분 성함 부탁드릴께요 
2024-02-24 16:44:16,캐리골프투어,넵 한기수 이사입니다.
2024-02-24 16:44:33,김명균,네...
2024-02-24 16:44:36,캐리골프투어,사진
2024-02-24 17:14:06,캐리골프투어,사진
2024-02-24 17:14:36,캐리골프투어,일정표 보내드립니다 참고부탁드립니다.
2024-02-24 17:14:49,김명균,네.감사합니다
2024-02-24 17:15:17,캐리골프투어,네 편안한 주말되세요 ~
2024-02-24 18:03:36,캐리골프투어,지금은 캐리골프투어의 채팅 가능한 시간이 아닙니다. 내용을 남겨주시면 채팅이 가능한 시간에 답변 드리겠습니다.
2024-02-24 18:03:36,김명균,"16일차 티오프 시간을 1~2시간 정도 당기면 안될까요?
결재는 월요일 휴가신청후 하겠습니다..."
2024-02-24 18:03:36,캐리골프투어,채팅 운영시간 안내
2024-02-24 20:00:44,캐리골프투어,네 월요일에 확인해드리겠습니다
2024-02-26 11:48:41,김명균,예약금 입금계좌 알려주세요..
2024-02-26 11:52:35,캐리골프투어,네 안녕하세요 16일차 블랙스톤 1부 7시대로 변경해드릴 수 있습니다. 7시대로 확정해드릴까요?
2024-02-26 11:54:05,캐리골프투어,"계좌안내입니다. >>>>

국민은행  680401-00-036929 캐리골프투어"
2024-02-26 12:02:26,김명균,"아니요..12시대 할께요,."
2024-02-26 12:12:25,캐리골프투어,혼선을 드려 죄송합니다. 일정 / 시간 정정드립니다.
2024-02-26 12:12:36,캐리골프투어,"4/16 블랙스톤 호텔 2인 1실 
4/16 블랙스톤 2부 
4/17 스카이힐 대중제 1부 

스카이힐 대중제 → 회원제 변경시 3만원"
2024-02-26 12:15:23,김명균,"15일~16일 일정인데요...
렌트는 14~16일 일정이구요..."
2024-02-26 12:15:38,캐리골프투어,네 맞습니다.
2024-02-26 12:16:00,캐리골프투어,아 잠시만요
2024-02-26 12:16:11,캐리골프투어,"4/15 블랙스톤 호텔 2인 1실 
4/15 스카이힐 대중제 2부 
4/16 블랙스톤 1부"
2024-02-26 12:16:25,캐리골프투어,이렇게 보시면 됩니다.
2024-02-26 12:17:15,김명균,16일 12시대 아니구요?
2024-02-26 12:17:32,캐리골프투어,네 그렇습니다
2024-02-26 12:18:37,김명균,늦은 시간대 1부  또는 2부로 해주시면 안되나요...
2024-02-26 12:20:00,캐리골프투어,1부 가능한 늦은시간으로 요청 넣겠습니다.
2024-02-26 12:20:53,김명균,"네..
롯데 대중제,회원제 차이 나나요?"
2024-02-26 12:23:20,캐리골프투어,"회원제 코스는 대중제 코스보다 전장이 조금 더 길며, 난이도가 높은 편입니다."
2024-02-26 12:23:33,캐리골프투어,대중제가 질이 떨어지지 않습니다.
2024-02-26 12:24:21,캐리골프투어,금액차이는 세금차이라고 보시면 됩니다.
2024-02-26 12:24:34,김명균,"네..그럼 대중제로 할께요...
곧 예약금 입금할께요..."
2024-02-26 12:25:09,캐리골프투어,네 알겠습니다 혼선을 드려 죄송합니다.
2024-02-26 12:26:29,김명균,아닙니다...가능하면 부부조인 부탁드립니다...저희는 50대입니다...
2024-02-26 12:27:06,캐리골프투어,네 확답드릴 수는 없으나 최대한 노력해보겠습니다. !
2024-02-26 12:27:39,김명균,네..감사합니다 
2024-02-26 12:29:29,캐리골프투어,네 양해해주셔서 감사합니다.
2024-02-26 12:33:02,캐리골프투어,"입금후 입금자명과 명단 부탁드립니다. 
(대표자/동반자 성명/ 생년월일/성별/대표자 연락처 )"
2024-02-26 12:54:00,김명균,"입금했습니다..
김명균 남자 1970,01,15
010-4477-7697
조양선  여자 1971.08.17"
2024-02-26 12:55:22,김명균,"14일 10시 20분 부산출발입니다..
렌트 공항에서 찾을수 있을까요?"
2024-02-26 12:56:00,캐리골프투어,네 확인하겠습니다
2024-02-26 13:01:39,캐리골프투어,"입금 확인되었습니다. 렌트는 번거로우시겠지만 배정된 렌트카회사 가이드에 따라  셔틀카타고 공항근처 이동하셔서 픽업을 하셔야 합니다.

혹시  가능할지 문의해보겠습니다"
2024-02-26 13:28:32,김명균,네..알겠습니다 
2024-02-26 17:20:56,캐리골프투어,사진
2024-02-26 17:21:38,캐리골프투어,확정 일정표 보내드립니다. 확인 하시고 잔금 (580.000원) 입금 확인 부탁드립니다.
2024-02-26 17:22:02,캐리골프투어,"계좌안내입니다. >>>>

국민은행 680401-00-036929 캐리골프투어"
2024-02-26 17:27:35,김명균,네
2024-02-26 18:04:30,김명균,낼 입금하겠습니다 
2024-02-26 18:04:30,캐리골프투어,채팅 운영시간 안내
2024-02-26 18:04:30,캐리골프투어,지금은 캐리골프투어의 채팅 가능한 시간이 아닙니다. 내용을 남겨주시면 채팅이 가능한 시간에 답변 드리겠습니다.
2024-02-26 18:08:05,캐리골프투어,네 알겠습니다
2024-02-27 11:54:45,캐리골프투어,"김명균님  부부조인 완료되었습니다. 
조인자명 박근혜 010 8315 2114"
2024-02-27 12:20:09,김명균,감사합니다..
2024-02-27 12:52:27,캐리골프투어,네 감사합니다 금일 중 잔금확인 부탁드립니다.
2024-02-27 15:14:20,김명균,네..
2024-02-27 15:49:05,김명균,"오늘 조금 바빠서 늦었네요..
입금했습니다"
2024-02-27 15:52:19,캐리골프투어,네 잔금 입금 확인했습니다. 감사합니다.
2024-02-27 16:38:33,김명균,"조인자는 15,16일 동일한가요?"
2024-02-27 16:41:36,캐리골프투어,네 같은분입니다.
2024-02-27 16:41:59,김명균,네