DATE,USER,MESSAGE
2024-06-24 22:32:33,캐리골프투어,"안녕하세요. 무엇을 도와드릴까요?
- 이전 페이지: https://www.carrygolftour.com/product/2890218"
2024-06-24 22:32:46,캐리골프투어,지금은 캐리골프투어의 채팅 가능한 시간이 아닙니다. 내용을 남겨주시면 채팅이 가능한 시간에 답변 드리겠습니다.
2024-06-24 22:32:46,김상민,안녕하세요
2024-06-24 22:32:46,캐리골프투어,채팅 운영시간 안내
2024-06-24 22:32:48,김상민,구마모토 아소 고원 3색 골프 & 시내호텔
2024-06-24 22:32:48,캐리골프투어,채팅 운영시간 안내
2024-06-24 22:32:48,캐리골프투어,지금은 캐리골프투어의 채팅 가능한 시간이 아닙니다. 내용을 남겨주시면 채팅이 가능한 시간에 답변 드리겠습니다.
2024-06-24 22:32:59,김상민,이 상품 이용하려고 하는데
2024-06-24 22:32:59,캐리골프투어,채팅 운영시간 안내
2024-06-24 22:32:59,캐리골프투어,지금은 캐리골프투어의 채팅 가능한 시간이 아닙니다. 내용을 남겨주시면 채팅이 가능한 시간에 답변 드리겠습니다.
2024-06-24 22:33:33,김상민,"혹시 1명 인천, 1명 대구, 2명 김해 출발해서 같은 일정으로 가능할까요?"
2024-06-24 22:33:33,캐리골프투어,채팅 운영시간 안내
2024-06-24 22:33:33,캐리골프투어,지금은 캐리골프투어의 채팅 가능한 시간이 아닙니다. 내용을 남겨주시면 채팅이 가능한 시간에 답변 드리겠습니다.
2024-06-24 22:33:49,김상민,내일 확인 부탁드립니다
2024-06-24 22:33:49,캐리골프투어,채팅 운영시간 안내
2024-06-24 22:33:49,캐리골프투어,지금은 캐리골프투어의 채팅 가능한 시간이 아닙니다. 내용을 남겨주시면 채팅이 가능한 시간에 답변 드리겠습니다.
2024-06-25 08:44:51,캐리골프투어,안녕하세요 확인 후 안내드리겠습니다. 감사합니다.
2024-06-25 10:15:32,캐리골프투어,확인 후 안내드려도 될까요?
2024-06-25 11:34:29,캐리골프투어,일정이 어떻게 되실까요?
2024-06-25 11:38:13,김상민,10월3일 출국 10월5일 입국 2박3일 54홀 생각하고있어요
2024-06-25 11:39:17,캐리골프투어,네 확인 감사합니다. 확인 후 안내드려도 될까요?
2024-06-25 11:40:33,김상민,네
2024-06-25 11:44:32,김상민,아 구마모토 생각하고있어요
2024-06-25 11:45:22,캐리골프투어,네 현지공항 구마모토로 생각하시고 있으시다는 말씀이실까요?
2024-06-25 11:45:57,캐리골프투어,항공패턴은 조조 or 석석이 있으신데 어떤걸로 원하실까요?
2024-06-25 11:46:19,김상민,근데 인천1명 김해3명이거든요
2024-06-25 11:46:30,김상민,제가알기론 김해에서 구마모토 직항은 없는걸로아는데
2024-06-25 11:46:46,김상민,후쿠오카에서 구마모토로 육로이동도 생각중이거든요
2024-06-25 11:47:10,김상민,그래서 2박3일 54홀이면 조조 석석 둘다불가능할거같은데
2024-06-25 11:47:28,김상민,3박4일로 54홀도 생각즁이에요
2024-06-25 11:47:59,캐리골프투어,네 확인 감사합니다. 항공 패턴 말씀주시면 견적 확인 후 안내드리겠습니다.
2024-06-25 11:48:15,김상민,345골프치고 6일 귀국인데
2024-06-25 11:48:26,김상민,3일 오전 6일 오전으로 봐주세요
2024-06-25 11:48:47,캐리골프투어,네 확인 감사합니다. 견적 확인 후 안내드리겠습니다. 감사합니다.
2024-06-25 17:29:16,캐리골프투어,"항공패턴 인천, 김해 모두 조조 패턴의 항공편이 마감이라 석석 패턴으로 견적 드려도 괜찮으실까요?"
2024-06-25 17:31:03,캐리골프투어,현재 현지 담당자가 출장중이라서 견적 확인이 늦어지고 있습니다. 참고 부탁드립니다.
2024-06-26 11:16:59,캐리골프투어,"안녕하세요 10/6 김해 귀국 항공편이 마감 되었습니다.
다른 일정으로 견적 변경 드릴까요?"
2024-06-26 11:17:45,김상민,아니요 괜찮습니다
2024-06-26 11:18:06,캐리골프투어,네 확인 감사합니다 좋은하루 보내세요 감사합니다^^