DATE,USER,MESSAGE
2024-03-06 14:02:15,K,안녕하세요.  담당자님
2024-03-06 14:02:49,K,럭셔리골프투어라고 합니다.
2024-03-06 14:03:04,캐리골프투어,네 안녕하세요
2024-03-06 14:03:25,K,"귀사의 사이트를 우연히 보았는데, 총 54건의 저희 창작 상품이 사이트에 올려져 있어 톡 드립니다."
2024-03-06 14:04:11,K,"상세 페이지 내 저희가 직접찍은 사진도 있고, 메인표지, 일정표등 무단으로 사용하고 계셔서, 내려달라고 연락드립니다.

회원사 외 다른 여행사들은 사용을 허용하지 않고있습니다."